id,date,motion:title,motion:legislative_session,motion:legislative_session_type,motion:session,motion:session_type,count:yes,count:no,count:abstain,count:obstraction,count:blank
52-632.tx,2006-12-06T14:59:42,PEC  Nº 536/1997 - SEGUNDO TURNO DO SUBSTITUTIVO DO SENADO FEDERAL,CD04,ordinary,19,extraordinary,328,4,0,0,0
52-633.tx,2006-12-06T18:30:00,ELEIÇÃO - PARA CARGO DE MINISTRO DO TRIBUNAL DE CONTAS DA UNIÃO,CD04,ordinary,20,extraordinary,0,0,0,0,0
52-634.tx,2006-12-06T21:56:00,REP  Nº 46/2005 - CONTRA O DEPUTADO JOSÉ JANENE - PP/PR,CD04,ordinary,20,extraordinary,210,128,23,0,5
52-635.tx,2006-12-13T13:44:00,PLP  Nº 249/2005 - SUBSTITUTIVO DA COMISSÃO DE FINANÇAS,CD04,ordinary,20,extraordinary,323,19,1,0,0
52-636.tx,2006-12-13T14:24:46,PLP  Nº 249/2005 - EMENDAS COM PARECER FAVORÁVEL,CD04,ordinary,20,extraordinary,266,1,1,0,0
52-637.tx,2006-12-13T17:14:11,PLP  Nº 249/2005 - DVS - ARTIGO 23 DO SUBSTITUTIVO,CD04,ordinary,20,extraordinary,274,91,3,0,0
52-639.tx,2006-12-13T20:17:29,PDC  Nº 1353/2004 - ESCOLHA DO SENHOR LUIZ OTÁVIO PARA CARGO DE MINISTRO DO TCU,CD04,ordinary,21,extraordinary,146,182,13,0,0
52-642.tx,2006-12-20T18:50:27,MPV  Nº 327/2006 - PROJETO DE LEI DE CONVERSÃO,CD04,ordinary,21,extraordinary,247,103,2,0,0
52-614.tx,2006-11-21T18:16:23,MPV  Nº 316/2006 - EMENDA AGLUTINATIVA SUBSTITUTIVA DO ARTIGO 4º,CD04,ordinary,18,ordinary,158,184,4,0,0
52-615.tx,2006-11-22T19:36:49,PLP  Nº 123/2006 - EMENDAS DO SENADO FEDERAL COM PARECER FAVORÁVEL,CD04,ordinary,18,extraordinary,323,0,4,0,0
52-616.tx,2006-11-22T19:53:51,PLP  Nº 123/2004 - EMENDAS DO SENADO FEDERAL COM PARECER CONTRÁRIO,CD04,ordinary,18,extraordinary,5,292,5,0,0
52-617.tx,2006-11-22T20:30:39,PLP  Nº 380/2006 - PROJETO INICIAL,CD04,ordinary,18,extraordinary,339,1,7,0,0
52-619.tx,2006-11-22T21:12:39,PEC  Nº 536/1997 - EMENDAS NºS 1 E 2 COM PARECER PELA REJEIÇÃO,CD04,ordinary,18,extraordinary,7,309,1,0,0
52-618.tx,2006-11-22T21:01:57,PEC  Nº 536/1997 - EMENDAS 3 E 4 COM PARECER PELA APROVAÇÃO,CD04,ordinary,18,extraordinary,348,4,1,0,0
52-620.tx,2006-11-22T21:26:56,PEC  Nº 536/1997 - SUBSTITUTIVO DO SENADO FEDERAL,CD04,ordinary,18,extraordinary,346,5,1,0,0
52-621.tx,2006-11-28T19:05:26,PLP  Nº 76/2003 - ITENS DO SUBSTITUTIVO COM PARECER FAVORÁVEL,CD04,ordinary,19,ordinary,368,0,1,0,0
52-622.tx,2006-11-28T19:34:32,PLP  Nº 76/2003 - ITENS DO SUBSTITUTIVO COM  PARECER CONTRÁRIO,CD04,ordinary,19,ordinary,0,280,0,0,0
52-623.tx,2006-11-28T20:07:33,PLP  Nº 76/2006 - DVS - §4º DO ART. 4º DA MP 2156 (ART. 19),CD04,ordinary,19,ordinary,1,296,1,0,0
52-624.tx,2006-11-29T17:32:21,PL   Nº 4591/2004 - DIPOSITIVOS DO SUBSTITUTIVO COM PARECER FAVORÁVEL,CD04,ordinary,19,ordinary,283,1,8,27,0
52-626.tx,2006-11-29T18:23:45,PLP  Nº 22/2003 - ITENS DO SUBSTITUTIVO COM PARECER FAVORÁVEL,CD04,ordinary,19,ordinary,314,0,0,0,0
52-627.tx,2006-11-29T18:37:40,PLP  Nº 22/2006 - ITENS DO SUBSTITUTIVO COM PARECER CONTRÁRIO,CD04,ordinary,19,ordinary,3,264,0,0,0
52-628.tx,2006-11-29T18:55:44,"PLP  Nº 22/2003 - DVS PMDB - EXPRESÃO ""NO BASA"" (§ 2º DO ART. 4º DA MP 2157)",CD04,ordinary,19,ordinary,2,297,0,0,0
52-629.tx,2006-11-29T19:04:45,"PLP  Nº 22/2006 - DVS PMDB - EXPRESÃO ""NO BASA"" (§ 3º DO ART. 4º DA MP 2157)",CD04,ordinary,19,ordinary,0,274,0,0,0
52-631.tx,2006-11-29T20:09:35,PLP  Nº 184/2004 - SUBSTITUTIVO,CD04,ordinary,19,ordinary,330,0,0,0,0
52-603.tx,2006-09-05T14:48:29,PLP  Nº 123/2004 - SUBEMENDA SUBSTITUTIVA ÀS EMENDAS DE PLENÁRIO,CD04,ordinary,14,extraordinary,308,6,3,0,0
52-605.tx,2006-09-05T17:38:41,PEC  Nº 349/2001 - SUBSTITUTIVO DA COMISSÃO ESPECIAL,CD04,ordinary,14,extraordinary,383,0,4,0,0
52-601.tx,2006-08-01T18:34:39,MPV  Nº 291/2006 - DVS  (PREFERÊNCIA) PARA A EMENDA AGLUTINATIVA Nº 2,CD04,ordinary,13,ordinary,171,2,9,51,0
52-602.tx,2006-08-02T17:59:06,MPV  Nº 291/2006 - DVS (PREFERÊNCIA) PARA A EMENDA AGLUTINATIVA Nº 2,CD04,ordinary,13,ordinary,201,3,8,73,0
52-599.tx,2006-07-11T18:29:14,MPV  Nº 291/2006 - DVS  (PREFERÊNCIA) PARA A EMENDA AGLUTINATIVA Nº 2,CD04,ordinary,12,ordinary,197,42,4,3,0
52-600.tx,2006-07-12T12:58:53,MPV  Nº 291/2006 - DVS (PREFERÊNCIA) PARA A EMENDA AGLUTINATIVA Nº 2,CD04,ordinary,12,extraordinary,180,31,4,11,0
52-589.tx,2006-06-01T12:06:32,MPV  Nº 288/2006 - REQUERIMENTO DE RETIRADA DE PAUTA,CD04,ordinary,9,extraordinary,3,97,4,34,0
52-590.tx,2006-06-06T13:18:35,MPV  Nº 288/2006 - EMENDA 27,CD04,ordinary,9,extraordinary,108,3,7,44,0
52-591.tx,2006-06-06T17:43:04,MPV  Nº 288/2006 - REQUERIMENTO DE RETIRADA DE PAUTA,CD04,ordinary,9,ordinary,50,274,0,0,0
52-592.tx,2006-06-07T12:34:14,MPV  Nº 288/2006 - DVS EMENDA 12,CD04,ordinary,9,extraordinary,274,5,15,73,0
52-593.tx,2006-06-07T19:36:02,MPV  Nº 291/2006 - PARECER DO RELATOR PELA INADEQUAÇÃO FINANCEIRA E ORÇAMENTÁRIA - EMENDAS,CD04,ordinary,9,ordinary,187,242,5,0,0
52-595.tx,2006-06-21T12:58:36,REQUERIMENTO - INCLUSÃO EM PAUTA - REQUERIMENTO CONVOCAÇÃO MINISTRO,CD04,ordinary,10,extraordinary,113,238,6,1,0
52-568.tx,2006-05-02T19:33:57,"MPV  Nº 283/2006 - DVS - EXPRESSÃO ""DEVENDO SER OBJETO DE COMPENSAÇÃO ...""",CD04,ordinary,6,ordinary,253,27,2,46,0
52-570.tx,2006-05-03T19:45:00,REP  Nº 48/2005 - CONTRA O DEPUTADO JOSIAS GOMES - PT/BA,CD04,ordinary,6,ordinary,228,190,19,0,5
52-573.tx,2006-05-10T17:26:57,MPV  Nº 284/2006 - DVS Nº 8 - EMENDA Nº 49,CD04,ordinary,7,ordinary,125,170,1,0,0
52-576.tx,2006-05-11T13:56:56,MPV  Nº 279/2006 - MEDIDA PROVISÓRIA ORIGINAL,CD04,ordinary,7,extraordinary,181,52,1,0,0
52-577.tx,2006-05-16T18:48:21,MPV  Nº 279/2006 - REQUERIMENTO DE RETIRADA DE PAUTA,CD04,ordinary,7,ordinary,5,253,3,75,0
52-581.tx,2006-05-17T17:58:55,MPV  Nº 285/2006 - ADIAMENTO DA DISCUSSÃO POR DUAS SESSÕES,CD04,ordinary,7,ordinary,11,250,4,67,0
52-584.tx,2006-05-17T20:29:46,MPV  Nº 285/2006 - DVS - EMENDA SUBSTITUTIVA 103 - PP,CD04,ordinary,7,ordinary,238,165,0,0,0
52-585.tx,2006-05-23T18:18:47,MPV  Nº 280/2006 - REQUERIMENTO DE RETIRADA DE PAUTA,CD04,ordinary,8,ordinary,30,247,0,2,0
52-586.tx,2006-05-24T19:31:00,REP  Nº 54/2005 - CONTRA O DEPUTADO VADÃO GOMES - PP/SP,CD04,ordinary,8,ordinary,243,161,16,0,4
52-587.tx,2006-05-31T12:47:07,MPV  Nº 287/2006 - REQUERIMENTO DE RETIRADA DE PAUTA,CD04,ordinary,8,extraordinary,63,198,1,0,0
52-588.tx,2006-05-31T20:14:59,MPV  Nº 288/2006 - DVS - EMENDA Nº 4,CD04,ordinary,8,ordinary,164,177,2,0,0
52-554.tx,2006-04-04T18:04:42,MPV  Nº 269/2005 - REQUERIMENTO DE RETIRADA DE PAUTA,CD04,ordinary,4,ordinary,2,255,1,63,0
52-555.tx,2006-04-04T20:08:39,MPV  Nº 269/2005 - DVS - EMENDA Nº 4 DO SENADO FEDERAL,CD04,ordinary,4,ordinary,183,220,3,0,0
52-557.tx,2006-04-06T13:08:29,REQUERIMENTO - INCLUSÃO EM PAUTA DA CONVOCAÇÃO MINISTRO JUSTIÇA,CD04,ordinary,4,extraordinary,84,7,17,110,0
52-558.tx,2006-04-11T19:13:05,MPV  Nº 280/2006 - REQUERIMENTO DE RETIRADA DE PAUTA,CD04,ordinary,4,ordinary,71,216,0,1,0
52-559.tx,2006-04-11T20:41:04,MPV  Nº 280/2006 - DVS  EMENDA Nº 12,CD04,ordinary,4,ordinary,127,174,0,0,0
52-561.tx,2006-04-12T12:32:50,MPV  Nº 280/2006 - DVS EMENDA Nº 113,CD04,ordinary,4,extraordinary,170,115,0,1,0
52-563.tx,2006-04-25T18:35:49,MPV  Nº 275/2005 - REQUERIMENTO DE RETIRADA DE PAUTA,CD04,ordinary,5,ordinary,15,246,3,58,0
52-564.tx,2006-04-26T17:50:43,MPV  Nº 275/2005 - DVS - ARTIGO 1º DO PLV DO SF,CD04,ordinary,5,extraordinary,111,182,0,0,0
52-565.tx,2006-04-26T20:31:51,MPV  Nº 281/2006 - PARECER DO RELATOR PELA ADMISSIBILIDADE,CD04,ordinary,6,extraordinary,190,152,1,0,0
52-566.tx,2006-04-27T13:14:29,MPV  Nº 283/2006 - PARECER DO RELATOR PELA ADMISSIBILIDADE,CD04,ordinary,6,extraordinary,172,47,0,22,0
52-553.tx,2006-03-29T17:07:36,MPV  Nº 278/2006 - REQUERIMENTO DE RETIRADA DE PAUTA,CD04,ordinary,3,ordinary,2,299,0,28,0
52-551.tx,2006-03-22T23:40:00,REP  Nº 43/2005 - CONTRA O DEP. JOÃO MAGNO - PT/MG,CD04,ordinary,2,extraordinary,201,207,10,0,5
52-552.tx,2006-03-28T18:19:49,MPV  Nº 278/2006 - REQUERIMENTO DE RETIRADA DE PAUTA,CD04,ordinary,3,ordinary,2,295,0,38,0
52-550.tx,2006-03-22T22:22:18,REP  Nº 43/2005 - REQUERIMENTO DE ADIAMENTO DA DISCUSSÃO POR DUAS SESSÕES,CD04,ordinary,2,extraordinary,77,285,1,26,0
52-532.tx,2006-03-14T19:36:20,MPV  Nº 276/2006 - PROJETO DE LEI DE CONVERSÃO,CD04,ordinary,1,ordinary,261,4,1,67,0
52-531.tx,2006-03-14T18:13:13,MPV  Nº 276/2006 - REQUERIMENTO DE RETIRADA DE PAUTA,CD04,ordinary,1,ordinary,9,259,3,72,0
52-528.tx,2006-03-09T12:06:58,MPV  Nº 276/2006 - REQUERIMENTO DE ADIAMENTO DA VOTAÇAO POR UMA SESSÃO,CD04,ordinary,1,extraordinary,6,226,4,58,0
52-527.tx,2006-03-07T17:53:28,MPV  Nº 275/2005 - REQUERIMENTO DE PREFERÊNCIA PARA EMENDA AGLUTINATIVA,CD04,ordinary,1,ordinary,117,237,0,0,0
52-529.tx,2006-03-08T22:23:00,REP  Nº 52/2005 - CONTRA O DEP. PROFESSOR LUIZINHO - PT/SP,CD04,ordinary,1,extraordinary,183,253,10,0,3
52-505.tx,2006-02-01T17:30:55,PL   Nº 6272/2005 - DVS PDT - EMENDA Nº 36,CD05,extraordinary,2,ordinary,122,222,4,1,0
52-508.tx,2006-02-01T19:53:33,PEC  Nº 347/1996 - SEGUNDO TURNO,CD05,extraordinary,2,ordinary,438,7,7,0,0
52-509.tx,2006-02-01T20:05:49,PEC  Nº 7/2003 - SEGUNDO TURNO,CD05,extraordinary,2,ordinary,390,0,0,1,0
52-510.tx,2006-02-01T20:36:37,PEC  Nº 199/2003 - SEGUNDO TURNO,CD05,extraordinary,2,extraordinary,431,12,1,0,0
52-511.tx,2006-02-02T12:54:46,PEC  Nº 536/1997 - SEGUNDO TURNO,CD05,extraordinary,2,extraordinary,399,2,2,0,0
52-512.tx,2006-02-07T17:46:30,PL   Nº 4428/2004 - REQUERIMENTO DE URGÊNCIA,CD05,extraordinary,2,ordinary,286,1,0,0,0
52-514.tx,2006-02-07T19:45:03,PL   Nº 4776/2005 - MATÉRIA COM PARECER PELA REJEIÇÃO,CD05,extraordinary,2,ordinary,221,199,0,0,0
52-516.tx,2006-02-08T19:25:33,PEC  Nº 548/2002 - SEGUNDO TURNO,CD05,extraordinary,2,extraordinary,329,142,0,0,0
52-517.tx,2006-02-09T12:45:59,PL   Nº 5855/2005 - REQUERIMENTO DE ENCERRAMENTO DA DISCUSSÃO,CD05,extraordinary,2,extraordinary,199,122,3,0,0
52-519.tx,2006-02-13T20:48:05,MPV  Nº 272/2005 - REQUERIMENTO DE ADIAMENTO DA DISCUSSÃO POR UMA SESSÃO,CD05,extraordinary,3,extraordinary,39,287,2,33,0
52-520.tx,2006-02-14T12:13:27,MPV  Nº 273/2005 - REQUERIMENTO DE ADIAMENTO DA VOTAÇÃO POR DUAS SESSÕES,CD05,extraordinary,3,extraordinary,1,277,3,69,0
52-523.tx,2006-02-21T18:13:45,MPV  Nº 275/2005 - REQUERIMENTO DE PREFERÊNCIA PARA VOTAÇÃO DA MP INICIAL,CD04,ordinary,0,ordinary,197,59,5,98,0
52-525.tx,2006-02-22T12:49:12,MPV  Nº 275/2005 - REQUERIMENTO DE RETIRADA DE PAUTA,CD04,ordinary,0,extraordinary,15,217,2,86,0
52-486.tx,2006-01-17T19:28:21,PDC  Nº 2075/2005 - REQUERIMENTO DE URGÊNCIA,CD05,extraordinary,0,ordinary,460,9,1,0,0
52-487.tx,2006-01-18T20:18:54,PEC  Nº 347/1996 - EMENDA AGLUTINATIVA SUBSTITUTIVA Nº 2,CD05,extraordinary,0,ordinary,466,1,0,0,0
52-488.tx,2006-01-18T20:52:42,"PEC  Nº 7/2003 - DVS EXPRESSÃO ""AGENTE DE COMBATE ÀS ENDEMIAS""",CD05,extraordinary,0,extraordinary,400,4,2,0,0
52-489.tx,2006-01-18T21:07:49,"PEC  Nº 7/2003 - EXPRESSÃO "" ... E PASSAM A INTEGRAR QUADRO...""",CD05,extraordinary,0,extraordinary,14,384,1,0,0
52-490.tx,2006-01-18T21:28:27,PEC  Nº 199/2003 - PROJETO INICIAL,CD05,extraordinary,0,extraordinary,436,10,3,0,0
52-491.tx,2006-01-19T13:22:46,MPV  Nº 268/2005 - PARECER  DO RELATOR PELA ADMISSIBILIDADE,CD05,extraordinary,0,extraordinary,279,99,3,0,0
52-493.tx,2006-01-24T20:06:58,PEC  Nº 536/1997 - SUBSTITUTIVO COMISSÃO ESPECIAL,CD05,extraordinary,1,ordinary,457,5,0,0,0
52-494.tx,2006-01-24T20:46:11,PEC  Nº 536/1997 - EMENDA AGLUTINATIVA Nº 1,CD05,extraordinary,1,extraordinary,437,2,1,0,0
52-495.tx,2006-01-24T21:01:36,PEC  Nº 536/1997 - DVS PSC - ARTIGO 6º,CD05,extraordinary,1,extraordinary,391,1,1,0,0
52-496.tx,2006-01-24T21:49:18,"PEC  Nº 536/2006 - DVS PFL - EXPRESSÃO: ""PARA CADA REGIÃO POLÍTICO-ADMINISTRATIVA""",CD05,extraordinary,1,extraordinary,62,386,3,0,0
52-497.tx,2006-01-25T19:20:51,PL   Nº 6272/2005 - SUBSTITUTIVO DA COMISSÃO ESPECIAL,CD05,extraordinary,1,ordinary,342,115,2,1,0
52-498.tx,2006-01-25T20:16:29,PEC  Nº 548/2002 - EMENDAS 1 E 2 COM PARECER PELA REJEIÇÃO,CD05,extraordinary,1,extraordinary,2,421,0,0,0
52-499.tx,2006-01-25T20:51:52,PEC  Nº 548/2002 - PROPOSIÇÃO INICIAL,CD05,extraordinary,1,extraordinary,343,143,1,0,0
52-500.tx,2006-01-26T12:13:17,PL   Nº 6272/2005 - DVS PP - EMENDA Nº 64,CD05,extraordinary,1,extraordinary,178,198,3,0,0
52-501.tx,2006-01-26T13:06:12,"PL   Nº 6272/2005 - DVS Nº 2 - EXPRESSÃO ""APÓS A APROVAÇÃO ...""",CD05,extraordinary,1,extraordinary,165,200,4,0,0
52-502.tx,2006-01-31T17:58:09,MPV  Nº 267/2005 - EMENDA DO SENADO FEDERAL,CD05,extraordinary,1,ordinary,283,59,1,0,0
52-504.tx,2006-01-31T20:47:41,MPV  Nº 269/2005 - DVS  PSDB - ARTIGO 13,CD05,extraordinary,2,extraordinary,258,158,0,0,0
52-470.tx,2005-12-07T13:58:17,PLP  Nº 244/2005 - PROJETO DE LEI COMPLEMENTAR - SUBSTITUTIVO COMISSÃO FINANÇAS,CD03,ordinary,32,extraordinary,291,0,0,0,0
52-471.tx,2005-12-07T17:42:08,PLP  Nº 187/1997 - EMENDA SUBSTITUTIVA DE PLENÁRIO,CD03,ordinary,32,ordinary,334,0,0,0,0
52-473.tx,2005-12-07T19:58:11,PL   Nº 5524/2005 - SUBSTITUTIVO DA COMISSÃO DE FINANÇAS E TRIBUTAÇÃO,CD03,ordinary,32,ordinary,272,34,0,0,0
52-474.tx,2005-12-07T21:26:34,PEC  Nº 7/2003 - SUBSTITUTIVO DA COMISSÃO ESPECIAL,CD03,ordinary,32,extraordinary,386,0,1,0,0
52-475.tx,2005-12-07T21:43:41,"PEC  Nº 7/2003 - DVS PTB - EXPRESSÃO ""PODERÃO ADMITIR",CD03,ordinary,32,extraordinary,344,0,2,0,0
52-476.tx,2005-12-13T19:41:18,MPV  Nº 264/2005 - EMENDAS EM BLOCO DE 1 A 46,CD03,ordinary,32,extraordinary,92,253,2,0,0
52-478.tx,2005-12-13T21:25:47,PL   Nº 5524/2005 - DVS PSDB - EMENDA Nº 20,CD03,ordinary,32,extraordinary,298,48,3,1,0
52-479.tx,2005-12-13T22:19:06,PL   Nº 5524/2005 - DVS PT - INCISO I  § 1º DO ARTIGO 4º,CD03,ordinary,32,extraordinary,77,216,5,1,0
52-441.tx,2005-11-01T11:53:25,MPV  Nº 258/2005 - REQUERIMENTO DE ADIAMENTO DA DISCUSSÃO POR UMA SESSÃO,CD03,ordinary,29,extraordinary,6,76,6,62,0
52-442.tx,2005-11-08T18:05:00,MPV  Nº 258/2005 - REQUERIMENTO DE ADIAMENTO DA DISCUSSÃO POR DUAS SESSÕES,CD03,ordinary,29,ordinary,15,257,5,100,0
52-445.tx,2005-11-08T21:31:25,MPV  Nº 258/2005 - REQUERIMENTO DE RETIRADA DE PAUTA,CD03,ordinary,29,extraordinary,22,254,4,62,0
52-452.tx,2005-11-08T23:50:04,MPV  Nº 258/2005 - PROJETO DE LEI DE CONVERSÃO,CD03,ordinary,29,extraordinary,250,29,2,49,0
52-458.tx,2005-11-09T12:45:35,MPV  Nº 258/2005 - REQUERIMENTO DE RETIRADA DE PAUTA,CD03,ordinary,29,extraordinary,11,250,1,82,0
52-459.tx,2005-11-09T20:58:36,MPV  Nº 258/2005 - DVS PSOL - EMENDA Nº 363,CD03,ordinary,30,extraordinary,110,174,4,1,0
52-460.tx,2005-11-09T21:37:32,MPV  Nº 258/2005 - DVS PPS - ARTIGO Nº 49 DO PLV,CD03,ordinary,30,extraordinary,138,246,4,0,0
52-463.tx,2005-11-16T18:30:54,MPV  Nº 260/2005 - PARECER DO RELATOR PELA ADMISSIBILIDADE,CD03,ordinary,30,ordinary,220,86,2,0,0
52-467.tx,2005-11-29T19:54:34,PL   Nº 4559/2004 - REQUERIMENTO DE URGÊNCIA,CD03,ordinary,31,extraordinary,382,2,0,3,0
52-468.tx,2005-11-29T20:18:12,PL   Nº 3627/2004 - REQUERIMENTO DE URGÊNCIA,CD03,ordinary,31,extraordinary,185,2,2,80,0
52-422.tx,2005-10-04T18:41:31,MPV  Nº 255/2005 - REQUERIMENTO PARA VOTAÇÃO SEJA FEITA POR GRUPOS DE ARTIGOS,CD03,ordinary,27,ordinary,220,136,1,0,0
52-424.tx,2005-10-05T17:47:36,MPV  Nº 256/2005 - PARECER DO RELATOR PELA ADMISSIBILIDADE,CD03,ordinary,27,ordinary,258,77,1,0,0
52-425.tx,2005-10-05T19:14:47,MPV  Nº 257/2005 - REQUERIMENTO DE ADIAMENTO DA DISCUSSÃO POR DUAS SESSÕES,CD03,ordinary,27,ordinary,71,255,3,1,0
52-429.tx,2005-10-11T16:44:21,MPV  Nº 252/2005 - DVS PT - EMENDA Nº 9,CD03,ordinary,27,extraordinary,201,25,9,4,0
52-430.tx,2005-10-19T17:10:11,MPV  Nº 259/2005 - REQUERIMENTO DE RETIRADA DE PAUTA,CD03,ordinary,28,ordinary,20,276,2,16,0
52-432.tx,2005-10-19T19:22:56,MPV  Nº 259/2005 - DVS PFL - EMENDA Nº 3,CD03,ordinary,28,ordinary,104,237,3,28,0
52-434.tx,2005-10-20T17:34:40,MPV  Nº 258/2005 - REQUERIMENTO DE RETIRADA DE PAUTA,CD03,ordinary,28,ordinary,2,92,1,32,0
52-435.tx,2005-10-25T17:16:38,MPV  Nº 258/2005 - REQUERIMENTO DE RETIRADA DE PAUTA,CD03,ordinary,28,ordinary,133,148,0,8,0
52-436.tx,2005-10-26T17:02:03,MPV  Nº 258/2005 - REQUERIMENTO DE RETIRADA DE PAUTA,CD03,ordinary,28,ordinary,8,162,7,149,0
52-437.tx,2005-10-26T19:50:01,MPV  Nº 258/2005 - REQUERIMENTO DE RETIRADA DE PAUTA,CD03,ordinary,29,extraordinary,13,249,4,84,0
52-439.tx,2005-10-31T19:02:14,MPV  Nº 258/2005 - REQUERIMENTO DE ADIAMENTO DA DISCUSSÃO POR DUAS SESSÕES,CD03,ordinary,29,ordinary,12,178,4,53,0
52-406.tx,2005-08-17T17:57:45,MPV  Nº 248/2005 - REQUERIMENTO DE RETIRADA DE PAUTA,CD03,ordinary,21,ordinary,19,316,1,0,0
52-408.tx,2005-08-23T19:18:01,MPV  Nº 252/2005 - REQUERIMENTO DE ENCERRAMENTO DA DISCUSSÃO,CD03,ordinary,22,ordinary,292,33,1,0,0
52-409.tx,2005-08-24T18:21:55,MPV  Nº 252/2005 - DVS PSDB - EMENDA Nº 336,CD03,ordinary,22,extraordinary,330,20,1,0,0
52-413.tx,2005-08-31T18:51:57,MPV  Nº 251/2005 - EMENDAS DO SENADO FEDERAL,CD03,ordinary,23,ordinary,84,235,1,0,0
52-392.tx,2005-07-04T21:35:44,MPV  Nº 250/2005 - REQUERIMENTO DE RETIRADA DE PAUTA,CD03,ordinary,16,extraordinary,2,159,3,72,0
52-393.tx,2005-07-05T13:34:58,MPV  Nº 250/2005 - REQUERIMENTO DE RETIRADA DE PAUTA,CD03,ordinary,16,extraordinary,5,214,3,66,0
52-394.tx,2005-07-05T17:44:31,MPV  Nº 250/2005 - REQUERIMENTO DE RETIRADA DE PAUTA,CD03,ordinary,16,extraordinary,14,252,2,100,0
52-396.tx,2005-07-06T13:20:42,PDC  Nº 1274/2004 - REFERENDO ARMA DE FOGO - REQUERIMENTO DE URGÊNCIA,CD03,ordinary,16,extraordinary,282,88,1,1,0
52-400.tx,2005-07-06T19:49:52,PL   Nº 4955/2005 - SUBSTITUTIVO,CD03,ordinary,17,extraordinary,53,234,2,1,0
52-401.tx,2005-07-06T22:38:54,PDC  Nº 1274/2004 - REFERENDO ARMAS DE FOGO,CD03,ordinary,17,extraordinary,258,48,5,0,0
52-403.tx,2005-07-13T18:36:57,PL   Nº 1144/2003 - REQUERIMENTO DE RETIRADA DE PAUTA,CD03,ordinary,17,ordinary,5,160,4,52,0
52-347.tx,2005-06-01T17:11:01,MPV  Nº 241/2005 - PARECER DO RELATOR PELA ADMISSIBILIDADE,CD03,ordinary,11,extraordinary,272,100,4,0,0
52-348.tx,2005-06-01T18:15:36,"MPV  Nº 241/2005 - DVS PSDB - EXPRESSÃO: "" ENCARGOS FINANCEIROS""",CD03,ordinary,11,extraordinary,284,81,3,0,0
52-349.tx,2005-06-07T19:31:41,MPV  Nº 242/2005 - PARECER DO RELATOR PELA ADMISSIBILIDADE,CD03,ordinary,12,ordinary,213,198,3,1,0
52-350.tx,2005-06-08T17:37:46,MPV  Nº 242/2005 - DVS PDT -  § 10º  DO ARTIGO 29,CD03,ordinary,12,ordinary,6,166,5,74,0
52-351.tx,2005-06-15T17:32:21,MPV  Nº 242/2005 - DVS PDT - § 10º DO ART. Nº 29,CD03,ordinary,13,ordinary,171,164,2,1,0
52-356.tx,2005-06-16T17:30:41,MPV  Nº 245/2005 - REQUERIMENTO DE RETIRADA DE PAUTA,CD03,ordinary,13,ordinary,7,63,8,68,0
52-360.tx,2005-06-22T12:01:32,MPV  Nº 248/2005 - REQUERIMENTO DE RETIRADA DE PAUTA,CD03,ordinary,14,extraordinary,17,274,3,53,0
52-361.tx,2005-06-22T19:26:24,MPV  Nº 248/2005 - PROJETO DE LEI DE CONVERSÃO,CD03,ordinary,14,ordinary,172,230,1,0,0
52-362.tx,2005-06-22T20:22:12,MPV  Nº 248/2005 - EMENDAS Nº 4 a 15,CD03,ordinary,14,ordinary,16,318,6,2,0
52-365.tx,2005-06-23T12:24:20,MPV  Nº 248/2005 - DVS PDT - EMENDA 16,CD03,ordinary,14,extraordinary,12,208,2,16,0
52-366.tx,2005-06-27T21:19:05,MPV  Nº 248/2005 - REQUERIMENTO DE RETIRADA DE PAUTA,CD03,ordinary,15,extraordinary,9,186,2,48,0
52-370.tx,2005-06-28T18:45:47,MPV  Nº 248/2005 - DVS PDT  - EMENDA Nº 16,CD03,ordinary,15,extraordinary,19,239,2,68,0
52-371.tx,2005-06-28T20:37:34,MPV  Nº 248/2005 - REQUERIMENTO DE RETIRADA DE PAUTA,CD03,ordinary,15,extraordinary,8,254,4,82,0
52-373.tx,2005-06-28T22:19:02,MPV  Nº 249/2005 - REQUERIMENTO DE RETIRADA DE PAUTA,CD03,ordinary,15,extraordinary,15,254,3,59,0
52-374.tx,2005-06-28T00:03:22,MPV  Nº 249/2005 - REQUERIMENTO DE ADIAMENTO DA DISCUSSÃO POR DUAS SESSÕES,CD03,ordinary,15,extraordinary,10,230,0,43,0
52-375.tx,2005-06-29T12:05:05,MPV  Nº 249/2005 - REQUERIMENTO DE RETIRADA DE PAUTA,CD03,ordinary,15,extraordinary,8,249,2,71,0
52-380.tx,2005-06-29T18:05:38,PRC  Nº 248/2005 - REQUERIMENTO DE URGÊNCIA,CD03,ordinary,15,extraordinary,291,66,5,48,0
52-381.tx,2005-06-29T20:44:22,RECURSO - CONCESSÃO DO EFEITO SUSPENSIVO - DEP. RODRIGO MAIA - PFL,CD03,ordinary,15,extraordinary,55,245,1,44,0
52-383.tx,2005-06-29T22:16:41,PRC  Nº 248/2005 - REQUERIMENTO DE ENCERRAMENTO DA DISCUSSÃO E DO ENCAMINHAMENTO,CD03,ordinary,15,extraordinary,243,23,2,54,0
52-387.tx,2005-06-30T00:49:33,MPV  Nº 241/2005 - REQUERIMENTO DE RETIRADA DE PAUTA,CD03,ordinary,15,extraordinary,7,252,1,43,0
52-389.tx,2005-06-30T02:18:47,MPV  Nº 241/2005 - REQUERIMENTO DE ADIAMENTO DA VOTAÇÃO POR DUAS SESSÕES,CD03,ordinary,15,extraordinary,4,223,1,16,0
52-391.tx,2005-06-30T14:05:24,MPV  Nº 241/2005 - REQUERIMENTO DE ADIAMENTO DA VOTAÇÃO POR DUAS SESSÕES,CD03,ordinary,15,extraordinary,13,252,1,57,0
52-339.tx,2005-05-11T18:29:51,PDC  Nº 1353/2004 - REQUERIMENTO DE RETIRADA DE PAUTA,CD03,ordinary,8,extraordinary,17,74,6,85,0
52-346.tx,2005-05-24T21:31:37,MPV  Nº 233/2004 - DVS  PPS -  EMENDA Nº 37,CD03,ordinary,10,extraordinary,14,1,5,63,0
52-338.tx,2005-04-19T20:38:31,MPV  Nº 231/2004 - DVS PSDB - EMENDA Nº 13,CD03,ordinary,6,extraordinary,56,137,8,13,0
52-314.tx,2005-03-02T19:05:13,PL   Nº 2401/2003 - REQUERIMENTO DE ENCERRAMENTO DA DISCUSSÃO,CD03,ordinary,1,ordinary,330,44,1,0,0
52-315.tx,2005-03-02T20:46:42,PL   Nº 2401/2003 - SUBSTITUTIVO DO SENADO FEDERAL,CD03,ordinary,1,extraordinary,352,60,1,0,0
52-316.tx,2005-03-02T21:49:35,PL   Nº 2401/2003 - DVS PT - ARTIGO 5º,CD03,ordinary,1,extraordinary,366,59,3,0,0
52-317.tx,2005-03-02T22:29:07,"PL   Nº 2401/2003 - DVS  PT - ARTIGO 14º, PARÁGRAFO 1º",CD03,ordinary,1,extraordinary,313,77,0,0,0
52-319.tx,2005-03-02T22:55:59,"PL   Nº 2401/2003 - DVS PV - ARTIGO 16º, PARÁGRAFO 3º",CD03,ordinary,1,extraordinary,307,78,1,0,0
52-320.tx,2005-03-09T20:38:30,MPV  Nº 227/2004 - DVS  EMENDA Nº 36,CD03,ordinary,2,extraordinary,129,237,2,0,0
52-321.tx,2005-03-09T22:50:28,PEC  Nº 227/2004 - DVS Nº 2 PSDB - EMENDA Nº 1,CD03,ordinary,2,extraordinary,146,133,21,44,0
52-324.tx,2005-03-15T19:40:00,MPV  Nº 228/2004 - DVS PFL EMENDA N°8,CD03,ordinary,2,ordinary,97,275,1,0,0
52-326.tx,2005-03-15T21:05:17,PEC  Nº 227/2004 - EMENDA AGLUTINATIVA N° 3,CD03,ordinary,3,extraordinary,399,13,11,0,0
52-328.tx,2005-03-15T21:58:46,"PEC  Nº 227/2004 - DVS Nº 7 PSDB - EXPRESSÃO: ""EXCETO APOSENTADORIA POR TEMPO DE CONTRIBUIÇÃO""",CD03,ordinary,3,extraordinary,1,313,0,0,0
52-327.tx,2005-03-15T21:44:07,"PEC  Nº 227/2004 - DVS Nº 4 PSDB - ART. Nº 40 § 1º, INCISO II, ALÍNEA B DO SUBSTITUTIVO",CD03,ordinary,3,extraordinary,222,166,0,0,0
52-329.tx,2005-03-16T18:32:56,PEC  Nº 227/2004 - DVS Nº 8 PFL - ARTIGO Nº 4 DA PROPOSTA INICIAL,CD03,ordinary,3,ordinary,305,94,1,0,0
52-331.tx,2005-03-16T19:46:38,"PEC  Nº 227/2004 - EMENDA AGLUTINATIVA DE PLENÁRIO (DVS Nºs 11, 12 e 13)",CD03,ordinary,3,ordinary,369,0,1,0,0
52-332.tx,2005-03-16T21:22:42,PEC  Nº 227/2004 - SEGUNDO TURNO,CD03,ordinary,3,extraordinary,406,0,1,0,0
52-335.tx,2005-03-17T16:50:41,REQ  Nº 1452/2003 - URGÊNCIA PARA PL Nº 4.846/1994,CD03,ordinary,3,ordinary,2,1,0,11,0
52-336.tx,2005-03-29T23:21:12,MPV  Nº 232/2005 - REQUERIMENTO DE VOTAÇÃO POR GRUPO DE ARTIGOS - PSDB,CD03,ordinary,4,extraordinary,203,1,7,61,0
52-312.tx,2005-02-23T19:39:09,MPV  Nº 225/2004 - PARECER DO RELATOR PELA CONSTITUCIONALIDADE,CD03,ordinary,0,ordinary,299,91,4,0,0
52-290.tx,2004-12-01T17:03:36,MPV  Nº 207/2004 - REQUERIMENTO DE RETIRADA DE PAUTA,CD02,ordinary,26,extraordinary,3,253,1,58,0
52-291.tx,2004-12-01T19:17:45,MPV  Nº 208/2004 - REQUERIMENTO DE RETIRADA DE PAUTA,CD02,ordinary,26,extraordinary,4,261,1,49,0
52-293.tx,2004-12-08T16:32:58,MPV  Nº 219/2004 - REQUERIMENTO DE RETIRADA DE PAUTA,CD02,ordinary,27,extraordinary,21,169,4,89,0
52-294.tx,2004-12-08T17:13:58,MPV  Nº 219/2004 - REQUERIMENTO DE RETIRADA DE PAUTA,CD02,ordinary,27,extraordinary,3,82,4,75,0
52-295.tx,2004-12-14T18:54:02,"PLP Nº 72/2003 - TODOS OS ARTIGOS, EXCETO ...",CD02,ordinary,28,ordinary,309,8,5,0,0
52-296.tx,2004-12-14T19:28:43,PLP  Nº 72/203 - ARTIGO Nº 174 INCISO I,CD02,ordinary,28,ordinary,283,66,2,1,0
52-297.tx,2004-12-14T20:13:20,PLP Nº 72/2003 - DVS PSB/PCdoB - ARTIGO Nº 186,CD02,ordinary,28,ordinary,272,84,1,0,0
52-298.tx,2004-12-14T20:35:37,"PLP  Nº 72/2003 - DVS PFL - EXPRESSÃO ""E ÀS AUTORIDADES ..."" - ART. Nº 185-A",CD02,ordinary,28,extraordinary,258,71,2,0,0
52-299.tx,2004-12-15T14:28:22,PEC  Nº 285/2004 - REQUERIMENTO DE RETIRADA DE PAUTA,CD02,ordinary,28,extraordinary,1,93,13,80,0
52-301.tx,2004-12-15T19:29:41,"PEC Nº 227/2004 - DVS Nº 1 PTB - INCISO XI, ALÍNEA ""a"" e ""e"" DO ARTIGO 37.",CD02,ordinary,28,extraordinary,114,235,2,2,0
52-276.tx,2004-11-09T19:04:12,MPV  Nº 196/2004 - REQUERIMENTO DE RETIRADA DE PAUTA,CD02,ordinary,24,ordinary,6,124,8,129,0
52-277.tx,2004-11-17T19:00:20,MPV Nº 198/2004 - REQUERIMENTO DE RETIRADA DE PAUTA,CD02,ordinary,24,ordinary,1,39,0,46,0
52-278.tx,2004-11-17T19:58:45,MPV  Nº 198/2004 - REQUERIMENTO DE RETIRADA DE PAUTA,CD02,ordinary,24,extraordinary,4,139,5,137,0
52-280.tx,2004-11-23T18:20:40,MPV  Nº 198/2004 - REQUERIMENTO DE RETIRADA DE PAUTA,CD02,ordinary,25,extraordinary,4,254,0,61,0
52-282.tx,2004-11-24T13:16:11,MPV  Nº 200/2004 - REQUERIMENTO DE RETIRADA DE PAUTA,CD02,ordinary,25,extraordinary,2,157,1,29,0
52-283.tx,2004-11-24T16:31:49,MPV  Nº 200/2004 - REQUERIMENTO DE RETIRADA DE PAUTA,CD02,ordinary,25,extraordinary,4,250,2,73,0
52-284.tx,2004-11-24T20:55:30,MPV  Nº 201/2004 - PROJETO DE LEI DE CONVERSÃO,CD02,ordinary,25,extraordinary,209,83,2,1,0
52-285.tx,2004-11-30T17:45:34,MPV  Nº 206/2004 - REQUERIMENTO DE RETIRADA DE PAUTA,CD02,ordinary,26,ordinary,5,266,0,44,0
52-286.tx,2004-11-30T20:13:42,MPV  Nº 206/2004 - DVS DO PSDB - ARTIGO Nº 22 DO PLV,CD02,ordinary,26,ordinary,276,27,1,64,0
52-287.tx,2004-11-30T20:58:04,MPV  Nº 207/2004 - REQUERIMENTO DE RETIRADA DE PAUTA,CD02,ordinary,26,extraordinary,14,280,1,66,0
52-288.tx,2004-11-30T22:19:13,MPV  Nº 207/2004 - REQUERIMENTO DE ADIAMENTO DA DISCUSSÃO POR DUAS SESSÕES,CD02,ordinary,26,extraordinary,9,254,1,57,0
52-289.tx,2004-12-01T00:33:35,MPV  Nº 207/2004 - PARECER  DO RELATOR PELA ADMISSIBILIDADE,CD02,ordinary,26,extraordinary,253,146,4,0,0
52-267.tx,2004-10-06T18:06:28,MPV  Nº 191/2004 - REQUERIMENTO DE RETIRADA DE PAUTA,CD02,ordinary,20,extraordinary,2,167,3,19,0
52-268.tx,2004-10-06T19:44:41,MPV  Nº 191/2004 - REQUERIMENTO DE RETIRADA DE PAUTA,CD02,ordinary,20,extraordinary,6,247,3,29,0
52-270.tx,2004-10-19T18:45:28,MPV  Nº 192/2004 - REQUERIMENTO DE RETIRADA DE PAUTA,CD02,ordinary,21,ordinary,9,252,1,55,0
52-271.tx,2004-10-19T20:01:57,MPV  Nº 194/2004 - REQUERIMENTO DE ADIAMENTO DA VOTAÇÃO POR DUAS SESSÕES,CD02,ordinary,21,ordinary,2,197,1,17,0
52-272.tx,2004-10-19T20:53:42,MPV  Nº 195/2004 - REQUERIMENTO DE RETIRADA DE PAUTA,CD02,ordinary,22,extraordinary,3,255,0,53,0
52-273.tx,2004-10-20T18:45:39,MPV  Nº 196/2004 - REQUERIMENTO DE RETIRADA DE PAUTA,CD02,ordinary,22,ordinary,2,253,5,102,0
52-274.tx,2004-10-20T21:23:36,MPV  Nº 196/2004 - REQUERIMENTO DE RETIRADA DE PAUTA,CD02,ordinary,22,extraordinary,4,225,3,80,0
52-275.tx,2004-10-26T20:19:11,MPV  Nº 196/2004 - REQUERIMENTO DE RETIRADA DE PAUTA,CD02,ordinary,22,ordinary,5,119,3,54,0
52-266.tx,2004-09-14T19:00:52,MPV  Nº 192/2004 - REQUERIMENTO DE RETIRADA DE PAUTA,CD02,ordinary,18,ordinary,29,117,1,30,0
52-248.tx,2004-08-11T17:35:28,PL   Nº 2.399/2003 - DVS -  PFL  EMENDA Nº 17,CD02,ordinary,16,extraordinary,79,193,0,0,0
52-249.tx,2004-08-11T19:01:41,PLP  Nº 22/2003 - SUBEMENDA SUBSTITUTIVA ÀS EMENDAS DE PLENÁRIO,CD02,ordinary,16,extraordinary,327,13,6,2,0
52-250.tx,2004-08-11T20:08:15,PLP  Nº 76/2003 - SUBEMENDA SUBSTITUTIVA ÀS EMENDAS DE PLENÁRIO,CD02,ordinary,16,extraordinary,332,8,1,0,0
52-251.tx,2004-08-11T21:15:31,PLP  Nº 188/2004 - DO SENADO FEDERAL (PREPARO E EMPREGO DAS FORÇAS ARMADAS),CD02,ordinary,16,extraordinary,344,12,0,0,0
52-252.tx,2004-08-11T22:37:00,PEC  Nº 438/2004 - EMENDA AGLUTINATIVA SUBSTITUTIVA - PRIMEIRO TURNO,CD02,ordinary,16,extraordinary,326,10,8,0,0
52-263.tx,2004-08-24T19:05:21,MPV  Nº 191/2004 - REQUERIMENTO DE RETIRADA DE PAUTA,CD02,ordinary,17,ordinary,7,239,16,67,0
52-264.tx,2004-08-25T13:01:38,MPV  Nº 192/2004 - REQUERIMENTO DE RETIRADA DE PAUTA,CD02,ordinary,17,extraordinary,7,138,5,94,0
52-265.tx,2004-08-25T18:04:54,MPV  Nº 192/2004 - REQUERIMENTO DE RETIRADA DE PAUTA,CD02,ordinary,17,extraordinary,5,120,7,141,0
52-202.TX,2004-07-05T20:03:08,MPV Nº 183/2004 - REQUERIMENTO DE RETIRADA DA PAUTA,CD02,ordinary,14,ordinary,9,214,2,47,0
52-203.TX,2004-07-06T14:12:31,MPV Nº 183/2004 - REQUERIMENTO DE RETIRADA DE PAUTA,CD02,ordinary,14,extraordinary,17,209,5,90,0
52-204.TX,2004-07-06T17:51:17,MPV Nº 183/2004 - REQUERIMENTO DE RETIRADA DA PAUTA,CD02,ordinary,14,extraordinary,6,248,4,105,0
52-205.TX,2004-07-07T12:53:19,MPV  Nº 183/2004 - REQUERIMENTO DE RETIRADA DE PAUTA,CD02,ordinary,14,extraordinary,6,254,1,57,0
52-206.TX,2004-07-07T14:59:59,MPV Nº 183/2004 - REQUERIMENTO DE ENCERRAMENTO DA DISCUSSÃO,CD02,ordinary,14,extraordinary,280,6,4,49,0
52-207.TX,2004-07-07T16:54:03,MPV Nº 183/2004 - REQUERIMENTO DE ADIAMENTO DA VOTAÇÃO POR DUAS SESSÕES,CD02,ordinary,14,extraordinary,7,265,1,65,0
52-208.TX,2004-07-07T18:12:11,MPV Nº 183/2004 - DESTAQUE INCISO 4 DA EMENDA Nº 1,CD02,ordinary,14,extraordinary,186,159,1,0,0
52-209.TX,2004-07-08T14:06:46,PEC Nº 227/2004 - SUBSTITUTIVO DA COMISSÃO ESPECIAL,CD02,ordinary,15,extraordinary,375,5,1,0,0
52-192.TX,2004-06-01T18:33:03,PLP Nº 76/2003 - REQUERIMENTO DE RETIRADA DE PAUTA,CD02,ordinary,11,ordinary,259,7,2,65,0
52-193.TX,2004-06-01T21:02:59,PL Nº 2.399/2003 - REQUERIMENTO DE ADIAMENTO DA DISCUSSÃO,CD02,ordinary,11,extraordinary,7,249,1,59,0
52-194.TX,2004-06-01T22:30:27,PL Nº 2.399/2003 - DVS EMENDA Nº17 DO PFL,CD02,ordinary,11,extraordinary,0,1,0,3,0
52-195.TX,2004-06-02T15:20:46,MPV Nº 182/2004 - REQUERIMENTO DE RETIRADA DE PAUTA,CD02,ordinary,11,extraordinary,3,254,0,62,0
52-196.TX,2004-06-02T19:55:02,MPV Nº 182/2004 - PROJETO DE LEI DE CONVERSÃO,CD02,ordinary,11,extraordinary,167,266,6,0,0
52-197.TX,2004-06-02T20:32:14,MPV Nº 182/2004 - DVS PSDB - EMENDA Nº 56,CD02,ordinary,11,extraordinary,160,232,10,1,0
52-198.TX,2004-06-08T18:32:20,MPV Nº 177/2004 - REQUERIMENTO DE RETIRADA DE PAUTA,CD02,ordinary,11,ordinary,4,251,2,56,0
52-199.TX,2004-06-15T18:28:35,MPV Nº 177/2004 - REQUERIMENTO DE RETIRADA DE PAUTA,CD02,ordinary,12,ordinary,36,226,2,31,0
52-201.TX,2004-06-23T13:12:52,MPV Nº 182/2004 - PROJETO DE LEI DE CONVERSÃO DO SENADO FEDERAL,CD02,ordinary,13,extraordinary,172,272,4,0,0
52-172.TX,2004-05-04T17:03:41,MPV Nº 167/2004 - REQUERIMENTO DE RETIRADA DE PAUTA,CD02,ordinary,7,extraordinary,5,209,2,43,0
52-173.TX,2004-05-04T18:23:00,MPV Nº 167/2004 - REQUERIMENTO DE RETIRADA DA PAUTA,CD02,ordinary,7,extraordinary,3,244,10,72,0
52-174.TX,2004-05-04T20:08:05,MPV Nº 167/2004 - REQUERIMENTO DE ENCERRAMENTO DA DISCUSSÃO E DO ENCAMINHAMENTO,CD02,ordinary,7,extraordinary,239,18,7,66,0
52-176.TX,2004-05-04T21:58:10,MPV  Nº 167/2004 - DVS PFL -  ARTIGO 6º PLV,CD02,ordinary,7,extraordinary,194,67,17,46,0
52-177.TX,2004-05-05T16:43:52,MPV Nº 167/2004 - REQUERIMENTO DE RETIRADA DE PAUTA,CD02,ordinary,7,extraordinary,8,248,5,63,0
52-178.TX,2004-05-05T18:13:24,MPV Nº 167/2004 - REDAÇÃO FINAL,CD02,ordinary,7,extraordinary,199,60,8,43,0
52-179.TX,2004-05-05T19:19:31,MPV Nº 169/2004 - REQUERIMENTO DE RETIRADA DE PAUTA,CD02,ordinary,7,extraordinary,8,259,0,62,0
52-181.TX,2004-05-12T17:20:50,MSG Nº 205/2004 - REQUERIMENTO DE URGÊNCIA,CD02,ordinary,8,ordinary,200,76,3,2,0
52-182.TX,2004-05-12T18:38:14,MSG Nº 411/2003 - REQUERIMENTO DE URGÊNCIA,CD02,ordinary,8,ordinary,294,4,2,1,0
52-183.TX,2004-05-12T19:06:15,PL Nº 3.476/2004 - REQUERIMENTO DE URGÊNCIA,CD02,ordinary,8,ordinary,294,3,3,0,0
52-184.TX,2004-05-12T20:18:48,MSG Nº 205/2004 - REQUERIMENTO DE URGÊNCIA,CD02,ordinary,8,extraordinary,266,118,1,0,0
52-185.TX,2004-05-12T20:48:55,MSG Nº 210/2004 - REQUERIMENTO DE URGÊNCIA,CD02,ordinary,8,extraordinary,270,51,0,1,0
52-186.TX,2004-05-12T21:33:30,PEC Nº 574/2002 - REQUERIMENTO DE ENCERRAMENTO DA DISCUSSÃO,CD02,ordinary,8,extraordinary,345,9,1,0,0
52-187.TX,2004-05-12T22:17:41,PEC Nº 574/2002 - EMENDA AGLUTINATIVA SUBSTITUTIVA DE PLENÁRIO,CD02,ordinary,8,extraordinary,347,17,10,1,0
52-188.TX,2004-05-19T17:22:01,MPV Nº 179/2004 - REQUERIMENTO DE ADIAMENTO DA VOTAÇÃO POR UMA SESSÃO,CD02,ordinary,9,extraordinary,62,207,1,0,0
52-189.TX,2004-05-19T20:44:06,PEC Nº 101/2003 - REQUERIMENTO DE ENCERRAMENTO DA DISCUSSÃO,CD02,ordinary,9,extraordinary,410,29,4,0,0
52-190.TX,2004-05-19T23:12:13,PEC Nº 101/2003 - SUBSTITUTIVO DA COMISSÃO ESPECIAL,CD02,ordinary,9,extraordinary,303,127,9,0,0
52-191.TX,2004-05-26T19:15:42,PEC Nº 574/2002 - SEGUNDO TURNO,CD02,ordinary,10,ordinary,365,19,8,0,0
52-161.TX,2004-04-06T19:38:32,MPV Nº 153/2003 - REQUERIMENTO DE RETIRADA DA PAUTA,CD02,ordinary,4,ordinary,18,238,2,39,0
52-162.TX,2004-04-13T18:15:05,"REQUERIMENTO - INVERSÃO DE PAUTA - ITENS 4, 3, 2, 1.",CD02,ordinary,4,ordinary,254,2,5,83,0
52-164.TX,2004-04-13T19:49:26,MPV Nº  160/2003 - REQUERIMENTO DE ENCERRAMENTO DA DISCUSSÃO E DO ENCAMINHAMENTO,CD02,ordinary,4,ordinary,247,5,5,78,0
52-165.TX,2004-04-13T20:50:19,MPV Nº 160/2003 - REQUERIMENTO DE RETIRADA DE PAUTA,CD02,ordinary,4,extraordinary,8,244,7,71,0
52-166.TX,2004-04-14T17:50:51,MPV Nº 153/2003 - REQUERIMENTO DE RETIRADA DE PAUTA,CD02,ordinary,5,ordinary,8,246,5,82,0
52-167.TX,2004-04-14T19:39:22,MPV Nº 153/2003 - REQUERIMENTO DE ENCERRAMENTO DA DISCUSSÃO E ENCAMINHAMENTO,CD02,ordinary,5,ordinary,217,4,5,79,0
52-168.TX,2004-04-27T18:31:37,MPV Nº 153/2003 - REQUERIMENTO DE RETIRADA DE PAUTA,CD02,ordinary,6,ordinary,10,248,5,84,0
52-169.TX,2004-04-27T19:59:42,MPV Nº 155/2003 - REQUERIMENTO DE ADIAMENTO DA DISCUSSÃO POR DUAS SESSÕES,CD02,ordinary,6,ordinary,7,221,4,62,0
52-170.TX,2004-04-27T21:14:16,MPV Nº 155/2003 - REQUERIMENTO DE RETIRADA DA PAUTA,CD02,ordinary,6,extraordinary,5,248,3,77,0
52-171.TX,2004-04-28T18:06:29,MPV Nº 166/2004 - REQUERIMENTO DE ADIAMENTO DA DISCUSSÃO POR DUAS SESSÕES,CD02,ordinary,6,extraordinary,4,256,3,87,0
52-105.TX,2004-03-02T18:14:46,MPV Nº 140/2003 - REQUERIMENTO DE RETIRADA DE PAUTA,CD02,ordinary,1,ordinary,4,254,0,26,0
52-106.TX,2004-03-03T17:31:24,MPV Nº 143/2003 - REQUERIMENTO DE RETIRADA DA PAUTA,CD02,ordinary,1,ordinary,4,257,0,52,0
52-107.TX,2004-03-09T19:18:50,MPV Nº 141/2003 - PLV Nº 7/2004 DO SENADO FEDERAL,CD02,ordinary,1,ordinary,104,223,1,0,0
52-108.TX,2004-03-10T18:57:14,MPV Nº 148/2003 - REQUERIMENTO DE PREFERÊNCIA PARA MEDIDA PROVISÓRIA -  TEXTO INICIAL,CD02,ordinary,1,ordinary,221,153,0,0,0
52-109.TX,2004-03-11T13:14:05,MPV Nº 154/2003 - PARECER DE ADMISSIBILIDADE,CD02,ordinary,1,extraordinary,149,40,0,0,0
52-110.TX,2004-03-11T14:26:45,MPV Nº 154/2003 - PARECER DE ADMISSIBILIDADE,CD02,ordinary,1,extraordinary,210,51,2,1,0
52-111.TX,2004-03-11T18:30:45,MPV Nº 161/2004 - PARECER PELA INADEQUAÇÃO FINANCEIRA,CD02,ordinary,1,extraordinary,190,23,2,11,0
52-112.TX,2004-03-23T18:25:32,MPV Nº 147/2003 - REQUERIMENTO DE ADIAMENTO DA DISCUSSÃO POR DUAS SESSÕES,CD02,ordinary,2,ordinary,16,252,6,58,0
52-113.TX,2004-03-23T20:43:48,MPV Nº 168/2004 - REQUERIMENTO DE RETIRADA DA PAUTA,CD02,ordinary,3,extraordinary,20,245,9,78,0
52-114.TX,2004-03-24T12:41:46,PEC Nº 254/2000 - SEGUNDO TURNO,CD02,ordinary,3,extraordinary,337,1,0,1,0
52-115.TX,2004-03-24T13:17:04,PEC Nº 575/1998 - SEGUNDO TURNO,CD02,ordinary,3,extraordinary,337,0,0,1,0
52-116.TX,2004-03-24T13:59:22,PEC Nº 228/2004 - PRIMEIRO TURNO,CD02,ordinary,3,extraordinary,343,1,0,0,0
52-117.TX,2004-03-30T18:18:59,MPV Nº 165/2004 - REQUERIMENTO DE RETIRADA DE PAUTA,CD02,ordinary,3,ordinary,10,259,0,63,0
52-118.TX,2004-03-30T19:38:41,MPV Nº 165/2004 - REQUERIMENTO DE ENCERRAMENTO DA  DISCUSSÃO E DO ENCAMINHAMENTO,CD02,ordinary,3,ordinary,251,11,1,44,0
52-119.TX,2004-03-30T20:49:06,MPV Nº 165/2004 - REQUERIMENTO DE RETIRADA DE PAUTA,CD02,ordinary,3,extraordinary,9,255,0,51,0
52-120.TX,2004-03-30T23:15:43,MPV Nº 168/2004 - PARECER DO RELATOR PELA ADMISSIBILIDADE,CD02,ordinary,3,extraordinary,295,73,3,2,0
52-121.TX,2004-03-31T20:31:13,PEC Nº 228/2004 - SEGUNDO TURNO,CD02,ordinary,4,extraordinary,416,1,0,0,0
52-036.TX,2004-02-03T18:16:49,"REQUERIMENTO - PREFERÊNCIA PARA MPV Nº 147/2003, MPV Nº 150/2003, MPV Nº 141/2003...",CD03,extraordinary,1,ordinary,7,256,0,59,0
52-037.TX,2004-02-03T21:35:55,MPV Nº 140/2003 - DVS PSDB - EMENDA Nº 4,CD03,extraordinary,1,extraordinary,31,232,0,18,0
52-038.TX,2004-02-04T22:01:28,PL Nº 2.401/2003 - REQUERIMENTO DE RETIRADA DE PAUTA,CD03,extraordinary,2,extraordinary,20,272,1,32,0
52-039.TX,2004-02-05T02:06:04,PL Nº 2.401/2003 - REQUERIMENTO DE PREFERÊNCIA DA EMENDA SUBSTITUTIVA GLOBAL Nº 281,CD03,extraordinary,2,extraordinary,128,279,2,0,0
52-065.TX,2004-02-17T19:02:00,MSG Nº 62/2004 - REQUERIMENTO DE URGÊNCIA,CD02,ordinary,0,ordinary,263,1,2,44,0
52-026.TX,2004-01-21T17:47:05,PL Nº 2.546/2003 - REQUERIMENTO DE URGÊNCIA,CD03,extraordinary,0,ordinary,302,16,3,62,0
52-027.TX,2004-01-21T18:26:58,PL Nº 2.401/2003 - REQUERIMENTO DE URGÊNCIA,CD03,extraordinary,0,ordinary,273,31,1,56,0
52-028.TX,2004-01-21T20:14:03,MPV Nº 136/2003 - PARECER DE  ADMISSIBILIDADE,CD03,extraordinary,0,ordinary,52,305,5,24,0
52-029.TX,2004-01-22T11:37:57,PDL 13/2003 - PROJETO,CD03,extraordinary,0,extraordinary,75,1,4,32,0
52-030.TX,2004-01-27T17:57:06,REQUERIMENTO - PREFERÊNCIA PARA MPV Nº 146/2003,CD03,extraordinary,0,ordinary,7,250,0,54,0
52-031.TX,2004-01-28T12:48:32,MPV Nº 144/2003 - REQUERIMENTO DE RETIRADA DE PAUTA,CD03,extraordinary,1,extraordinary,16,249,2,58,0
52-032.TX,2004-01-28T17:32:43,"REQUERIMENTO - INVERSÃO DE PAUTA:  MPV Nº144/2003, MPV Nº 145/2003...",CD03,extraordinary,1,ordinary,275,8,0,52,0
52-033.TX,2004-01-28T19:51:53,MPV Nº 144/2003 - REQUERIMENTO DE ENCERRAMENTO DA DISCUSSÃO,CD03,extraordinary,1,ordinary,265,14,0,45,0
52-034.TX,2004-01-28T20:47:32,MPV Nº 144/2003 - REQUERIMENTO DE RETIRADA DE PAUTA,CD03,extraordinary,1,extraordinary,12,295,1,53,0
52-035.TX,2004-01-28T22:08:50,MPV Nº 144/2003 - PARECER DE ADMISSIBILIDADE,CD03,extraordinary,1,extraordinary,329,13,2,45,0
52-009.TX,2003-12-02T18:11:37,PL Nº 1.840/2003 - REQUERIMENTO DE RETIRADA DE PAUTA,CD01,ordinary,28,ordinary,21,235,1,51,0
52-010.TX,2003-12-02T19:45:56,PL Nº 1.840/2003 - REQ. DE ENCERRAMENTO DA DISCUSSÃO E DO ENCAMINHAMENTO,CD01,ordinary,28,ordinary,242,20,1,56,0
52-011.TX,2003-12-02T21:50:11,PL Nº 1.840/2003 - REQUERIMENTO DE PREFERÊNCIA PARA EMENDA AGLUTINATIVA Nº 1,CD01,ordinary,28,extraordinary,243,95,10,2,0
52-012.TX,2003-12-02T22:52:02,PEC Nº 575/1998 - PRIMEIRO TURNO,CD01,ordinary,28,extraordinary,345,0,1,0,0
52-014.TX,2003-12-03T18:02:15,PLP Nº 224/2001 - PROJETO DE LEI COMPLEMENTAR,CD01,ordinary,28,ordinary,332,1,0,0,0
52-015.TX,2003-12-03T20:32:09,PLP Nº 52/1999 - PROJETO,CD01,ordinary,28,ordinary,402,0,0,0,0
52-017.TX,2003-12-17T12:57:37,MPV Nº 132/2003 - REQUERIMENTO DE RETIRADA DA PAUTA,CD02,extraordinary,0,extraordinary,10,253,0,43,0
52-018.TX,2003-12-17T17:35:59,MPV Nº 132/2003 - REQUERIMENTO DE ADIAMENTO DA VOTAÇÃO POR DUAS SESSÕES,CD02,extraordinary,0,ordinary,5,261,1,35,0
52-019.TX,2003-12-17T19:15:47,MPV Nº 133/2003 - REQUERIMENTO PRAZO POR UMA SESSÃO,CD02,extraordinary,0,ordinary,1,265,1,41,0
52-020.TX,2003-12-18T18:04:30,MPV Nº 135/2003 - REQUERIMENTO DE ADIAMENTO DA  DISCUSSÃO POR DUAS SESSÕES,CD02,extraordinary,0,extraordinary,3,258,0,32,0
52-021.TX,2003-12-18T19:48:14,MPV Nº 135/2003 - REQUERIMENTO DE RETIRADA DE PAUTA,CD02,extraordinary,0,extraordinary,5,258,0,26,0
52-022.TX,2003-12-18T21:19:49,MPV Nº 135/2003 - PROJETO DE LEI DE CONVERSÃO,CD02,extraordinary,0,extraordinary,254,31,3,25,0
52-023.TX,2003-12-18T22:54:48,MPV Nº 135/2003 - EMENDA Nº 285,CD02,extraordinary,0,extraordinary,9,252,1,23,0
52-024.TX,2003-12-18T23:25:47,PEC Nº 254/2000 - SEGUNDO TURNO,CD02,extraordinary,0,extraordinary,279,0,0,0,0
52-999.TX,2003-11-12T20:32:59,MPV Nº 131/2003 - DVS PSDB - ARTIGO 3º DO PLV,CD01,ordinary,26,extraordinary,204,86,9,0,0
52-000.TX,2003-11-18T18:36:36,PL Nº 5073/2001 - EMENDAS COM PARECER FAVORÁVEL,CD01,ordinary,26,ordinary,327,2,1,7,0
52-001.TX,2003-11-18T19:21:40,PL Nº 4.285/2001 - REQUERIMENTO DE URGÊNCIA,CD01,ordinary,26,ordinary,259,71,1,0,0
52-002.TX,2003-11-19T17:45:50,PL N º 475/2003 - PROJETO,CD01,ordinary,26,ordinary,295,7,1,23,0
52-003.TX,2003-11-19T19:24:14,PEC Nº 254/2000 - PRIMEIRO TURNO,CD01,ordinary,26,ordinary,352,0,0,0,0
52-004.TX,2003-11-19T19:46:38,PEC Nº 544/2002 - REQUERIMENTO DE RETIRADA DE PAUTA,CD01,ordinary,26,ordinary,192,131,1,0,0
52-005.TX,2003-11-25T18:25:04,MPV Nº 129/2003 - REQUERIMENTO DE RETIRADA DE PAUTA,CD01,ordinary,27,ordinary,3,303,1,26,0
52-006.TX,2003-11-25T20:01:36,MPV Nº 130/2003 - REQUERIMENTO DE RETIRADA DE PAUTA,CD01,ordinary,27,ordinary,11,253,1,41,0
52-007.TX,2003-11-25T20:33:08,MPV Nº 130/2003 - REQUERIMENTO DE RETIRADA DE PAUTA,CD01,ordinary,27,extraordinary,10,253,1,47,0
52-008.TX,2003-11-26T18:33:14,PL Nº 1.840/2003 - REQUERIMENTO DE URGÊNCIA,CD01,ordinary,27,ordinary,298,27,1,49,0
52-987.TX,2003-10-01T18:24:14,PL Nº 1.503/2003 - REQUERIMENTO DE URGÊNCIA,CD01,ordinary,21,ordinary,286,16,0,0,0
52-988.TX,2003-10-08T19:17:33,PLP Nº 72/2003 - REQUERIMENTO DE ADIAMENTO DA DISCUSSÃO,CD01,ordinary,21,ordinary,8,234,2,55,0
52-989.TX,2003-10-15T18:15:52,PLP Nº 72/2003 - REQUERIMENTO DE ADIAMENTO DE VOTAÇÃO POR DUAS SESSÕES,CD01,ordinary,22,ordinary,38,218,1,27,0
52-990.TX,2003-10-15T19:27:59,PLP Nº 72/2003 - PARECER DA COMISSÃO DE FINANÇAS À EMENDA AGLUTINATIVA,CD01,ordinary,22,ordinary,77,224,0,0,0
52-991.TX,2003-10-15T19:43:32,PLP Nº 72/2003 - EMENDA AGLUTINATIVA  SUBSTITUTIVA GLOBAL Nº 1,CD01,ordinary,22,ordinary,316,3,0,0,0
52-992.TX,2003-10-15T20:12:20,PLP Nº 72/2003 - DVS PFL - PARÁGRAFO 2º DO ART. 133,CD01,ordinary,22,ordinary,276,40,4,0,0
52-993.TX,2003-10-15T20:55:12,PLP Nº 72/2003 - DVS PL - ART. 185,CD01,ordinary,22,extraordinary,268,74,7,0,0
52-994.TX,2003-10-15T22:06:49,PL Nº 4.376/1993 - SUB-EMENDA SUBSTITUTIVA,CD01,ordinary,22,extraordinary,245,24,7,57,0
52-996.TX,2003-10-23T14:47:33,PL 1.555/2003 - REQUERIMENTO DE ADIAMENTO DA VOTAÇÃO,CD01,ordinary,23,extraordinary,8,228,1,20,0
52-997.TX,2003-10-28T19:57:07,PL Nº 1.936/2003 - EMENDA DE PLENÁRIO Nº 2,CD01,ordinary,24,ordinary,70,210,1,0,0
52-942.TX,2003-09-02T18:42:33,PEC Nº 41/2003 - REQUERIMENTO DE RETIRADA DE PAUTA,CD01,ordinary,16,extraordinary,24,274,2,52,0
52-943.TX,2003-09-02T21:54:23,PEC Nº 41/2003 - REQUERIMENTO DE ENCERRAMENTO DA DISCUSSÃO,CD01,ordinary,16,extraordinary,286,19,1,32,0
52-944.TX,2003-09-03T19:07:43,PEC Nº 41/2003 - REQUERIMENTO DE RETIRADA DE PAUTA,CD01,ordinary,16,ordinary,5,134,23,144,0
52-946.TX,2003-09-04T02:49:27,PEC Nº 41/2003 - EMENDA AGLUTINATIVA SUBSTITUTIVA GLOBAL Nº 27,CD01,ordinary,16,extraordinary,378,53,0,0,0
52-947.TX,2003-09-10T14:47:38,PEC Nº 41/2003 - REQUERIMENTO DE RETIRADA DA PAUTA,CD01,ordinary,17,extraordinary,14,321,1,19,0
52-948.TX,2003-09-10T17:39:06,PEC Nº 41/2003 - REQUERIMENTO DE RETIRADA DE PAUTA,CD01,ordinary,17,extraordinary,13,285,1,16,0
52-950.TX,2003-09-10T19:07:32,"PEC Nº 41/2003 - DEST. SIMPLES EM GLOBO  EXCETO REF. EMEND.101,169,204,233, 241,279,384,391,406",CD01,ordinary,17,extraordinary,32,314,5,15,0
52-951.TX,2003-09-10T21:04:39,PEC Nº 41/2003 - DVS PFL -  § 2º ART. 155 E  ART. 90,CD01,ordinary,17,extraordinary,346,97,0,0,0
52-952.TX,2003-09-10T21:38:31,PEC Nº 41/2003 - REQUERIMENTO DE RETIRADA DE PAUTA,CD01,ordinary,17,extraordinary,12,259,0,15,0
52-953.TX,2003-09-10T22:56:41,PEC Nº 41/2003 - EMENDA AGLUTINATIVA Nº 49,CD01,ordinary,17,extraordinary,370,44,1,1,0
52-954.TX,2003-09-10T23:10:45,"PEC Nº 41/2003 - REQUERIMENTO DEPREFERÊNCIA PARA DVS NºS 7,6,1,2,4,8 E 5",CD01,ordinary,17,extraordinary,255,18,3,19,0
52-956.TX,2003-09-10T00:15:13,PEC Nº 41/2003 - DVS  Nº 7 PSDB - ARTIGO 91 - ADCT,CD01,ordinary,17,extraordinary,334,82,0,1,0
52-957.TX,2003-09-15T20:41:06,MPV Nº 125/2003 - REQUERIMENTO DE RETIRADA DE PAUTA,CD01,ordinary,18,extraordinary,16,260,1,15,0
52-958.TX,2003-09-15T22:07:36,MPV Nº 125/2003 - REQUERIMENTO DO ENCERRAMENTO DA DISCUSSÃO E ENCAMINHAMENTO DA VOTAÇÃO,CD01,ordinary,18,extraordinary,265,11,0,21,0
52-959.TX,2003-09-15T23:15:23,MPV Nº 125/2003 - DVS PFL - EMENDA Nº 6,CD01,ordinary,18,extraordinary,65,209,0,0,0
52-960.TX,2003-09-16T00:08:36,MPV Nº 125/2003 - DVS PFL - EMENDA Nº 33,CD01,ordinary,18,extraordinary,32,228,0,22,0
52-961.TX,2003-09-16T02:11:53,MPV Nº 126/2003 - REQUERIMENTO DO ENCERRAMENTO DA DISCUSSÃO E ENCAMINHAMENTO DA VOTAÇÃO,CD01,ordinary,18,extraordinary,223,28,0,23,0
52-962.TX,2003-09-16T14:22:13,MPV Nº 126/2003 - REQUERIMENTO DE RETIRADA DE PAUTA,CD01,ordinary,18,extraordinary,6,253,0,26,0
52-963.TX,2003-09-16T16:10:45,MPV Nº 126/2003 - DVS - PFL - EMENDA Nº 2,CD01,ordinary,18,extraordinary,59,243,2,23,0
52-964.TX,2003-09-16T18:36:10,PEC Nº 41/2003 - REQUERIMENTO DE RETIRADA DE PAUTA,CD01,ordinary,18,extraordinary,5,281,0,22,0
52-965.TX,2003-09-16T19:20:28,PEC Nº 41/2003 - DVS Nº 8 PT - § ÚNICO DO ART 98 (ART. 3º DA EMENDA AGLUTINATIVA),CD01,ordinary,18,extraordinary,10,339,0,28,0
52-966.TX,2003-09-16T20:22:58,PEC Nº 41/2003 - DVS Nº 6 PRONA - ART 76 DO ADCT,CD01,ordinary,18,extraordinary,345,98,0,1,0
52-967.TX,2003-09-16T21:09:00,PEC Nº 41/2003 - DVS Nº 1 PSDB - INCISO II DO § 2º DO ART. 149 DA CF (ART 1º DA EMENDA AGLUTI),CD01,ordinary,18,extraordinary,333,88,0,7,0
52-969.TX,2003-09-16T22:18:35,PEC Nº 41/2003 - DVS Nº 2 PFL - § 1º DO ART. 155 DA CF (ART 1º DA EMENDA AGLUTINATIVA),CD01,ordinary,18,extraordinary,280,137,1,1,0
52-970.TX,2003-09-16T22:59:29,PEC Nº 41/2003 - DVS Nº 4 PFL - INCISO IV DO ART. 195 DA CF (ART 1º DA EMENDA AGLUTINATIVA),CD01,ordinary,18,extraordinary,334,80,0,1,0
52-971.TX,2003-09-16T23:22:48,PEC Nº 41/2003 - DVS Nº 5 PSDB - § 5º DO ART. 239 DA CF (ART 1º DA EMENDA AGLUTINATIVA),CD01,ordinary,18,extraordinary,106,293,0,1,0
52-972.TX,2003-09-17T16:08:15,PEC Nº 41/2003 - EMENDA AGLUTINATIVA Nº 61,CD01,ordinary,19,extraordinary,67,241,0,1,0
52-973.TX,2003-09-17T16:32:01,PEC Nº 41/2003 - EMENDA AGLUTINATIVA Nº 69,CD01,ordinary,19,extraordinary,83,246,2,0,0
52-974.TX,2003-09-17T16:46:51,PEC Nº 41/2003 - EMENDA AGLUTINATIVA Nº 72,CD01,ordinary,19,extraordinary,78,244,1,0,0
52-975.TX,2003-09-17T16:57:04,PEC Nº 41/2003 - EMENDA AGLUTINATIVA Nº 60,CD01,ordinary,19,extraordinary,68,245,0,0,0
52-976.TX,2003-09-17T17:11:08,PEC Nº 41/2003 - EMENDA AGLUTINATIVA Nº 71,CD01,ordinary,19,extraordinary,71,268,1,0,0
52-977.TX,2003-09-17T17:26:01,PEC Nº 41/2003 - EMENDA AGLUTINATIVA Nº 64,CD01,ordinary,19,extraordinary,76,281,1,0,0
52-978.TX,2003-09-17T17:45:32,PEC Nº 41/2003 - EMENDA AGLUTINATIVA Nº 68,CD01,ordinary,19,extraordinary,86,301,0,0,0
52-979.TX,2003-09-24T18:22:57,PEC Nº 41/2003 - REQUERIMENTO DE RETIRADA DE PAUTA,CD01,ordinary,20,extraordinary,39,224,0,19,0
52-980.TX,2003-09-24T19:33:01,PEC Nº 41/2003 - REQUERIMENTO DE ENCERRAMENTO DA DISCUSSÃO,CD01,ordinary,20,extraordinary,252,41,0,27,0
52-981.TX,2003-09-24T20:47:31,PEC Nº 41/2003 - VOTAÇÃO ARTIGO POR ARTIGO,CD01,ordinary,20,extraordinary,38,253,0,30,0
52-983.TX,2003-09-24T21:30:36,PEC Nº 41/2003 - REQUERIMENTO DE RETIRADA DE PAUTA,CD01,ordinary,20,extraordinary,41,266,0,24,0
52-984.TX,2003-09-24T22:04:15,PEC Nº 41/2003 - SEGUNDO TURNO,CD01,ordinary,20,extraordinary,346,92,0,0,0
52-985.TX,2003-09-24T23:18:26,"PEC Nº 41/2003 - DVS Nº 1 PFL - ART. Nº 155, INCISO III",CD01,ordinary,20,extraordinary,330,84,0,0,0
52-986.TX,2003-09-24T00:10:53,PEC Nº 41/2003 - DVS Nº 4  PFL - ART. Nº 91 DO ADCT,CD01,ordinary,20,extraordinary,336,80,1,0,0
52-908.TX,2003-08-05T13:00:20,PEC Nº 40/2003 - REQUERIMENTO DE RETIRADA DA PAUTA,CD01,ordinary,12,extraordinary,98,224,11,15,0
52-909.TX,2003-08-05T18:57:59,PEC Nº 40/2003 - REQUERIMENTO DE ENCERRAMENTO DA DISCUSSÃO,CD01,ordinary,12,extraordinary,236,154,8,3,0
52-910.TX,2003-08-05T22:47:44,PEC Nº 40/2003 - REQUERIMENTO VOTAÇÃO POR PARTES,CD01,ordinary,13,extraordinary,39,268,5,43,0
52-911.TX,2003-08-06T00:41:18,PEC Nº 40/2003 - EMENDA AGLUTINATIVA GLOBAL Nº 4,CD01,ordinary,13,extraordinary,358,126,9,0,0
52-912.TX,2003-08-06T01:12:38,PEC Nº 40/2003 - REQUERIMENTO DE VOTAÇÃO EM GLOBO - DESTAQUES,CD01,ordinary,13,extraordinary,308,125,4,10,0
52-915.TX,2003-08-06T22:16:10,PEC Nº 40/2003 - REQUERIMENTO DE INVERSÃO DA PAUTA,CD01,ordinary,13,extraordinary,247,19,1,15,0
52-916.TX,2003-08-06T23:12:56,PEC Nº 40/2003 - EMENDA AGLUTINATIVA Nº 1,CD01,ordinary,13,extraordinary,76,378,4,0,0
52-917.TX,2003-08-06T23:22:19,PEC Nº 40/2003 - EMENDA AGLUTINATIVA Nº 3,CD01,ordinary,13,extraordinary,54,356,1,0,0
52-921.TX,2003-08-07T03:41:33,PEC Nº 40/2003 - EMENDA AGLUTINATIVA Nº 8,CD01,ordinary,13,extraordinary,461,5,1,0,0
52-922.TX,2003-08-07T04:01:05,PEC Nº 40/2003 - REQUERIMENTO DE PREFERÊNCIA PARA O DVS Nº 9,CD01,ordinary,13,extraordinary,3,4,7,97,0
52-920.TX,2003-08-07T03:00:19,"PEC Nº 40/2003 - DVS Nº 7 ART. 40, CAPUT E § 18 DA CF, DO ART. 1º  E DO ART.  4º  DA EMEN AGLUT 4",CD01,ordinary,13,extraordinary,326,163,1,0,0
52-919.TX,2003-08-07T00:31:14,PEC Nº 40/2003 - EMENDA AGLUTINATIVA Nº 7,CD01,ordinary,13,extraordinary,481,10,2,0,0
52-923.TX,2003-08-12T12:41:23,MPV Nº 121/2003 - REQUERIMENTO DE RETIRADA DA PAUTA,CD01,ordinary,13,extraordinary,51,266,1,15,0
52-924.TX,2003-08-12T14:28:08,MPV Nº121/2003 - REQUERIMENTO DE ENCERRAMENTO DA DISCUSSÃO,CD01,ordinary,13,extraordinary,243,32,1,19,0
52-925.TX,2003-08-12T16:07:15,MPV Nº 121/2003 - REQUERIMENTO DE RETIRADA DA PAUTA,CD01,ordinary,13,extraordinary,13,248,0,31,0
52-926.TX,2003-08-12T17:54:05,"MPV Nº 121/2003 - DVS PFL - EXPRESSÃO ""E DE OUTRAS EMPRESAS PRIVADAS"" § 2º  INCISO 2º ART 1º - PLV",CD01,ordinary,13,extraordinary,270,91,0,6,0
52-927.TX,2003-08-12T19:21:37,MPV Nº 122/2003 - REQUERIMENTO DE PRAZO PARECER,CD01,ordinary,13,extraordinary,57,318,0,15,0
52-928.TX,2003-08-13T17:00:00,PEC Nº 40/2003 - REQUERIMENTO DE RETIRADA DE PAUTA,CD01,ordinary,14,extraordinary,98,336,0,0,0
52-929.TX,2003-08-13T19:47:38,"PEC Nº 40/2003 - DVS Nº 2 PTB -  EXPRESSÃO ""PERCEBIDOS CUMULATIVAMENTE OU NÃO""",CD01,ordinary,14,extraordinary,436,3,19,0,0
52-930.TX,2003-08-13T20:48:23,"PEC Nº 40/2003 - DVS Nº 3  -  EXPRESSÃO ""OU DE QUALQUER NATUREZA""",CD01,ordinary,14,extraordinary,403,27,34,0,0
52-931.TX,2003-08-13T22:19:56,PEC Nº 40/2003 - DVS Nº 9 - § 7º  DO ART. 40,CD01,ordinary,14,extraordinary,361,104,9,0,0
52-932.TX,2003-08-13T23:06:37,PEC Nº 40/2003 - EMENDA AGLUTINATIVA Nº 11,CD01,ordinary,14,extraordinary,444,7,10,0,0
52-933.TX,2003-08-19T17:55:30,PL Nº 4.572/1998 - REQUERIMENTO DE RETIRADA DE PAUTA,CD01,ordinary,14,ordinary,28,268,2,41,0
52-934.TX,2003-08-19T21:04:00,PL Nº 4.572/1998 - REQUERIMENTO DE RETIRADA DE PAUTA,CD01,ordinary,14,extraordinary,21,319,1,59,0
52-936.TX,2003-08-26T18:44:27,PEC Nº 40/2003 - REQUERIMENTO DE RETIRADA DA PAUTA,CD01,ordinary,15,ordinary,25,338,4,58,0
52-937.TX,2003-08-27T12:06:22,PEC Nº 40/2003 - REQUERIMENTO DE RETIRADA DE PAUTA,CD01,ordinary,15,extraordinary,11,270,2,60,0
52-938.TX,2003-08-27T15:00:09,PEC Nº 40/2003 - REQUERIMENTO DE ENCERRAMENTO DA DISCUSSÃO,CD01,ordinary,15,extraordinary,266,22,0,42,0
52-939.TX,2003-08-27T17:00:41,PEC Nº 40/2003 - REQUERIMENTO DE RETIRADA DA PAUTA,CD01,ordinary,15,extraordinary,46,286,1,18,0
52-940.TX,2003-08-27T19:58:31,PEC Nº 40/2003 - SEGUNDO TURNO,CD01,ordinary,15,extraordinary,357,123,6,0,0
52-941.TX,2003-08-28T17:46:09,MPV Nº 124/2003 - REQUERIMENTO DE RETIRADA DE PAUTA,CD01,ordinary,15,ordinary,2,19,1,30,0
52-888.TX,2003-07-02T19:23:15,PEC Nº 306/2000 - SUBSTITUTIVO,CD01,extraordinary,0,ordinary,403,0,0,0,0
52-900.TX,2003-07-29T20:56:48,MPV Nº 120/2003 - MEDIDA PROVISÓRIA,CD01,extraordinary,2,extraordinary,334,56,2,9,0
52-899.TX,2003-07-29T18:16:42,MPV Nº 120/2003 - REQUERIMENTO DE RETIRADA DE PAUTA,CD01,extraordinary,2,ordinary,9,252,5,73,0
52-901.TX,2003-07-30T17:45:19,PL Nº 3.464/2000 - REQUERIMENTO DE URGÊNCIA,CD01,extraordinary,2,ordinary,268,1,0,0,0
52-902.TX,2003-07-30T17:57:09,PL Nº 7.136/2002 - REQUERIMENTO DE URGÊNCIA,CD01,extraordinary,2,ordinary,276,0,0,0,0
52-903.TX,2003-07-30T18:08:38,PLP Nº 73/2003 - REQUERIMENTO DE URGÊNCIA,CD01,extraordinary,2,ordinary,301,1,0,0,0
52-904.TX,2003-07-30T19:11:13,PEC Nº 306/2000 - SEGUNDO TURNO,CD01,extraordinary,2,ordinary,395,0,0,0,0
52-905.TX,2003-07-31T13:55:06,PL P Nº 72/2003 - REQUERIMENTO DE RETIRADA DE PAUTA,CD01,extraordinary,2,ordinary,9,270,1,28,0
52-906.TX,2003-07-31T19:08:34,PLP Nº 72/2003 - REQUERIMENTO DE RETIRADA DE PAUTA,CD01,extraordinary,2,ordinary,1,153,3,31,0
52-905.TX,2003-07-31T13:55:06,PL P Nº 72/2003 - REQUERIMENTO DE RETIRADA DE PAUTA,CD01,extraordinary,2,extraordinary,9,270,1,28,0
52-875.TX,2003-06-03T19:30:21,MPV Nº 118/2003 - REQUERIMENTO DE PREFERÊNCIA PARA MEDIDA PROVISÓRIA,CD01,ordinary,10,ordinary,48,335,4,0,0
52-876.TX,2003-06-04T17:55:09,MENSAGEM 199/03 - PODER EXECUTIVO,CD01,ordinary,10,ordinary,304,93,1,0,0
52-877.TX,2003-06-04T19:12:09,PLP Nº 41/2003 - PROJETO,CD01,ordinary,10,ordinary,379,2,1,0,0
52-880.TX,2003-06-10T20:18:39,PL  Nº 1.083/2003 - RECURSO  CONTRA O PARECER DA COMISSÃO DE JUSTIÇA,CD01,ordinary,11,extraordinary,117,238,7,0,0
52-882.TX,2003-06-10T21:58:31,PL Nº 1.084/2003 - REQUERIMENTO DE RETIRADA DE PAUTA,CD01,ordinary,11,extraordinary,4,240,7,51,0
52-883.TX,2003-06-11T19:50:14,PL  Nº 1.084/2003 - EMENDA DE PLENÁRIO Nº 4,CD01,ordinary,11,ordinary,99,289,2,1,0
52-884.TX,2003-06-12T17:36:22,PL P  Nº  58/2003 - SUBSTITUTIVO DA COMISSÃO DE FINANÇAS,CD01,ordinary,11,ordinary,288,0,1,0,0
52-886.TX,2003-06-12T18:18:04,"PL P  Nº  58/2003 - DVS PT - §2, ART. 1º",CD01,ordinary,11,ordinary,2,265,2,0,0
52-885.TX,2003-06-12T18:00:27,PLP Nº 58/2003 - EMENDA DE PLENÁRIO Nº 1,CD01,ordinary,11,ordinary,269,0,1,0,0
52-887.TX,2003-06-25T19:51:40,PL Nº 3.731/1997 - SUBSTITUTIVO,CD01,ordinary,12,ordinary,332,69,4,0,0
52-863.TX,2003-05-06T17:56:09,"MPV Nº 107/2003 - DVS Nº 1 PFL - EXPRESSÃO ""EM ATÉ 180 PRESTAÇÕES MENSAIS...""",CD01,ordinary,6,ordinary,302,80,2,11,0
52-864.TX,2003-05-06T20:18:42,MPV Nº 107/2003 - DVS Nº 8 PFL  - SUPRESSÃO DO ART. Nº 22 DO PLV,CD01,ordinary,6,ordinary,241,209,7,0,0
52-865.TX,2003-05-06T21:28:38,MPV Nº 107/2003 - DVS Nº 9 PFL  - ARTIGO 2º DA LEI Nº 10.034/2000  ( ART. 24 DO PLV),CD01,ordinary,6,extraordinary,250,32,4,44,0
52-866.TX,2003-05-15T14:01:13,PEC Nº 53/1999 - SEGUNDO TURNO,CD01,ordinary,7,extraordinary,368,13,4,0,0
52-867.TX,2003-05-20T18:51:45,MPV Nº 114/2003 - REQUERIMENTO DE RETIRADA DE PAUTA,CD01,ordinary,8,ordinary,409,1,1,0,0
52-869.TX,2003-05-22T13:50:47,MPV Nº 116/2003 - REQUERIMENTO DE RETIRADA DE PAUTA,CD01,ordinary,8,extraordinary,11,183,1,29,0
52-870.TX,2003-05-27T19:08:59,MPV Nº 107/2003 - DVS EMENDA Nº 11,CD01,ordinary,9,ordinary,333,34,0,0,0
52-871.TX,2003-05-28T18:35:19,MPV Nº 116/2003 - DVS - EMENDA Nº 2,CD01,ordinary,9,ordinary,156,278,5,0,0
52-872.TX,2003-05-28T20:55:20,MPV Nº 117/2003 - DVS PFL EMENDA Nº 2,CD01,ordinary,9,extraordinary,7,1,6,43,0
52-874.TX,2003-05-29T17:52:16,MPV Nº 117/2003 - DVS EMENDA Nº 2,CD01,ordinary,10,ordinary,68,192,7,27,0
52-850.TX,2003-04-01T19:21:26,MPV Nº 86/2002 - PROJETO DE LEI DE CONVERSÃO,CD01,ordinary,3,ordinary,386,5,6,0,0
52-851.TX,2003-04-02T19:03:34,PEC Nº 53/1999 - EMENDAS DE 1 A 5 COM PARECER PELA REJEIÇÃO,CD01,ordinary,3,ordinary,2,424,1,0,0
52-852.TX,2003-04-02T19:45:46,PEC Nº 53/1999 - PRIMEIRO TURNO - SENADO FEDERAL,CD01,ordinary,3,ordinary,442,13,17,0,0
52-855.TX,2003-04-08T18:22:08,MPV Nº 106/2003 - REQUERIMENTO DE RETIRADA DE PAUTA,CD01,ordinary,4,ordinary,104,293,0,0,0
52-856.TX,2003-04-15T19:33:34,MPV Nº 103/2003 - DVS PT - ART. 6º  PARA SUBSTITUIR ART. 6º DO PLV,CD01,ordinary,4,ordinary,198,184,0,0,0
52-857.TX,2003-04-22T20:07:37,MPV Nº 94/2002 - DVS PT - SUPRESSÃO DO ART. 3º DO PLC,CD01,ordinary,5,ordinary,185,229,1,0,0
52-858.tx,2003-04-23T17:46:45,MPV Nº 82/2002 - PARECER DE ADMISSIBILIDADE,CD01,ordinary,5,ordinary,344,3,3,7,0
52-859.tx,2003-04-23T22:04:55,MPV Nº 104/2003 - MEDIDA PROVISÓRIA,CD01,ordinary,5,extraordinary,328,71,1,1,0
52-860.TX,2003-04-29T18:41:53,MPV Nº 107/2003 - REQUERIMENTO DE RETIRADA DE PAUTA,CD01,ordinary,5,ordinary,124,246,6,18,0
52-861.TX,2003-04-29T22:28:50,MPV Nº 107/2003 - PROJETO DE LEI DE CONVERSÃO,CD01,ordinary,6,extraordinary,366,68,2,0,0
52-862.TX,2003-04-30T12:52:48,MPV Nº 107/2003 - REQUERIMENTO DE RETIRADA DE PAUTA,CD01,ordinary,6,extraordinary,3,195,11,111,0
52-843.TX,2003-03-12T17:48:03,MPV Nº 79/2002 - REQUERIMENTO DE RETIRADA DE PAUTA,CD01,ordinary,1,ordinary,104,279,1,6,0
52-844.TX,2003-03-18T19:52:34,MPV Nº 79/2002 - DVS - PTB §2º ART. 4º,CD01,ordinary,1,ordinary,337,86,1,1,0
52-845.TX,2003-03-19T19:23:04,PL Nº 2.681/1996 - REQUERIMENTO DE RETIRADA DE PAUTA,CD01,ordinary,1,ordinary,105,328,4,12,0
52-849.TX,2003-03-26T19:38:24,MPV Nº 82/2002 - REQUERIMENTO DE RETIRADA DE PAUTA,CD01,ordinary,2,ordinary,111,269,1,0,0
