id,name,group_id,election_type,state,district,cabecera,curul
61-196,Díaz Salazar María Cristina,,Mayoría Relativa,Nuevo León,11,Guadalupe,M-475
61-538,Zapata Lucero Ana Georgina,,Mayoría Relativa,Chihuahua,2,Ciudad Juárez,J-338
61-746,Chollet Morán Maribel,,Mayoría Relativa,Sinaloa,8,Mazatlán,E-142
61-83,Arévalo Sosa Cecilia Soledad,,Mayoría Relativa,Guanajuato,7,San Francisco del Rincón,H-243
61-454,Escudero Morales Pablo,,Representación proporcional,Distrito Federal,4,,I-307
61-747,Valle Vea Carmen Lizeth,,Mayoría Relativa,Sonora,1,San Luis Río Colorado,C-059
61-326,Ponce Beltrán Esthela de Jesús,,Representación proporcional,Baja California Sur,1,,M-462
61-891,González Cruz Karla Verónica,,Representación proporcional,Veracruz,3,,I-292
61-324,Domínguez Arvizu María Hilaria,,Representación proporcional,Nayarit,1,,J-358
61-325,Levin Coppel Óscar Guillermo,,Representación proporcional,Sinaloa,1,,H-266
61-322,De la Torre Valdez Yolanda,,Representación proporcional,Durango,1,,A-016
61-359,Gallegos Soto Margarita,,Representación proporcional,Aguascalientes,2,,L-421
61-489,Bernardino Rojas Martha Angélica,,Representación proporcional,México,5,,H-282
61-488,Jaime Correa José Luis,,Representación proporcional,México,5,,D-110
61-487,Vizcaíno Silva Indira,,Representación proporcional,Colima,5,,H-280
61-828,Silva Chacón Víctor Roberto,,Representación proporcional,Chihuahua,1,,J-340
61-485,Nazares Jerónimo Dolores de los Ángeles,,Representación proporcional,Michoacán,5,,D-106
61-457,Álvarez Cisneros Jaime,,Representación proporcional,Morelos,4,,H-279
61-483,Martel López José Ramón,,Representación proporcional,México,5,,I-308
61-482,Neyra Chávez Armando,,Representación proporcional,México,5,,F-186
61-481,Ceballos Llerenas Hilda,,Representación proporcional,Colima,5,,K-378
61-480,Massieu Fernández Andrés,,Representación proporcional,México,5,,F-188
61-432,García Ayala Marco Antonio,,Representación proporcional,Distrito Federal,4,,L-447
61-433,Paredes Rangel Beatríz Elena,,Representación proporcional,Tlaxcala,4,,H-264
61-430,Rodríguez Regordosa Pablo,,Representación proporcional,Puebla,4,,E-128
61-431,Castilla Marroquín Agustín Carlos,,Representación proporcional,Distrito Federal,4,,E-138
61-436,Álvarez Santamaría Miguel,,Representación proporcional,Guerrero,4,,M-499
61-437,Jiménez Case Fuensanta Patricia,,Representación proporcional,Distrito Federal,4,,K-416
61-434,Báez Pinal Armando Jesús,,Representación proporcional,Distrito Federal,4,,M-490
61-435,Ruíz Massieu Salinas Claudia,,Representación proporcional,Distrito Federal,4,,K-397
61-438,Lerdo de Tejada Covarrubias Sebastián,,Representación proporcional,Distrito Federal,4,,K-396
61-439,Encinas Rodríguez Alejandro de Jesús,,Representación proporcional,Distrito Federal,4,,E-153
61-530,Rosales Franco Rodrígo Trinidad,,Mayoría Relativa,Chiapas,6,Tuxtla Gutiérrez,E-120
61-808,Cano Villegas Carmen Margarita,,Representación proporcional,Chihuahua,1,,E-128
61-801,González Schcolnik Valerio,,Representación proporcional,Baja California Sur,1,,G-203
61-95,Ramírez Hernández Socorro Sofío,,Mayoría Relativa,Guerrero,5,Tlapa,G-239
61-94,Carabias Icaza Alejandro,,Mayoría Relativa,Guerrero,4,Acapulco,J-346
61-97,Moreno Arcos Mario,,Mayoría Relativa,Guerrero,7,Chilpancingo,M-498
61-96,Zamora Villalva Alicia Elizabeth,,Mayoría Relativa,Guerrero,6,Chilapa,L-456
61-91,Salgado Romero Cuauhtémoc,,Mayoría Relativa,Guerrero,1,Ciudad Altamirano,L-457
61-90,Merino Loo Ramón,,Mayoría Relativa,Guanajuato,14,Acámbaro,I-286
61-290,Vázquez Saut Judith Fabiola,,Mayoría Relativa,Veracruz,20,Acayucan,L-450
61-363,Rodríguez Hernández Jesús María,,Representación proporcional,Querétaro,2,,P-504
61-399,Ramírez Pineda Narcedalia,,Representación proporcional,Oaxaca,3,,M-463
61-398,Santiago Ramírez César Augusto,,Representación proporcional,Chiapas,3,,J-351
61-99,Alvarado Arroyo Fermín Gerardo,,Mayoría Relativa,Guerrero,9,Acapulco,M-496
61-98,Aguirre Herrera Ángel,,Mayoría Relativa,Guerrero,8,Ayutla de los Libres,F-194
61-195,Rodríguez Dávila Alfredo Javier,,Mayoría Relativa,Nuevo León,10,Monterrey,F-166
61-992,Díaz Juárez Pavel,,Representación proporcional,Michoacán,5,,F-196
61-448,Lobato Ramírez Ana Luz,,Representación proporcional,Guerrero,4,,F-192
61-831,Cruz Martínez Marcos Carlos,,Representación proporcional,Durango,1,,C-078
61-666,Madrigal Ceja Israel,,Mayoría Relativa,Michoacán,1,Lázaro Cárdenas,H-283
61-226,Fuentes Cortés Adriana,,Mayoría Relativa,Querétaro,2,San Juan del Río,F-167
61-400,Franco Vargas Jorge Fernando,,Representación proporcional,Oaxaca,3,,L-426
61-249,De Lucas Hopkins Ernesto,,Mayoría Relativa,Sonora,3,Hermosillo,K-390
61-248,Pompa Corella Miguel Ernesto,,Mayoría Relativa,Sonora,2,Nogales,K-394
61-327,Villegas Arreola Alfredo,,Representación proporcional,Sinaloa,1,,E-140
61-245,Lara Aréchiga Óscar Javier,,Mayoría Relativa,Sinaloa,7,Culiacán de Rosales,E-141
61-244,Contreras García Germán,,Mayoría Relativa,Sinaloa,6,Mazatlán,D-103
61-247,Guillén Medina Leonardo Arturo,,Mayoría Relativa,Sonora,1,San Luis Río Colorado,C-059
61-246,García Granados Miguel Ángel,,Mayoría Relativa,Sinaloa,8,Mazatlán,E-142
61-241,Bojórquez Gutiérrez Rolando,,Mayoría Relativa,Sinaloa,3,Guamúchil,D-102
61-240,Zubia Rivera Rolando,,Mayoría Relativa,Sinaloa,2,Los Mochis,E-144
61-243,Irízar López Aarón,,Mayoría Relativa,Sinaloa,5,Culiacán de Rosales,E-143
61-710,Ramírez Martínez Malco,,Mayoría Relativa,Puebla,2,Zacatlán,L-432
61-391,Saldaña Morán Julio,,Representación proporcional,Veracruz,3,,I-292
61-298,Jiménez Fuentes Ramón,,Mayoría Relativa,Zacatecas,2,Jerez de García Salinas,B-044
61-259,Córdova Hernández José del Pilar,,Mayoría Relativa,Tabasco,6,Villahermosa,L-442
61-450,Martínez y Hernández Ifigenia Martha,,Representación proporcional,Distrito Federal,4,,C-082
61-383,Téllez Juárez Bernardo Margarito,,Representación proporcional,Veracruz,3,,H-250
61-368,Solís Acero Felipe,,Representación proporcional,Tamaulipas,2,,J-353
61-323,Cano Vélez Jesús Alberto,,Representación proporcional,Sonora,1,,K-395
61-369,Guillén Vicente Mercedes del Carmen,,Representación proporcional,Tamaulipas,2,,I-303
61-320,Scherman Leaño María Esther de Jesús,,Representación proporcional,Jalisco,1,,L-438
61-321,Lepe Lepe Humberto,,Representación proporcional,Baja California,1,,H-265
61-656,Soria Morales Blanca Juana,,Mayoría Relativa,México,31,Nezahualcóyolt,I-319
61-299,Verver y Vargas Ramírez Heladio Gerardo,,Mayoría Relativa,Zacatecas,3,Zacatecas,B-043
61-730,García  Silva Luis,,Mayoría Relativa,Quintana Roo,2,Othón P. Blanco,K-415
61-486,Castro y Castro Juventino Víctor,,Representación proporcional,México,5,,F-202
61-654,Franco Cruz María de la Cruz Patricia,,Mayoría Relativa,México,29,Nezahualcóyolt,I-317
61-458,Arizmendi Campos Laura,,Representación proporcional,Guerrero,4,,G-236
61-459,Kahwagi Macari Jorge Antonio,,Representación proporcional,Distrito Federal,4,,D-100
61-355,Trejo Azuara Enrique Octavio,,Representación proporcional,San Luis Potosí,2,,G-218
61-354,Ugalde Basaldúa María Sandra,,Representación proporcional,Querétaro,2,,F-169
61-353,Martínez Montemayor Baltazar,,Representación proporcional,Nuevo León,2,,F-163
61-352,Reynoso Sánchez Alejandra Noemí,,Representación proporcional,Guanajuato,2,,J-509
61-351,Mercado Sánchez Luis Enrique,,Representación proporcional,Zacatecas,2,,E-124
61-826,Galicia Ávila Víctor Manuel Anastasio,,Representación proporcional,Baja California,1,,M-462
61-829,Porras Valles Gloria,,Representación proporcional,Baja California Sur,1,,K-399
61-451,Escobar García Herón Agustín,,Representación proporcional,Sinaloa,4,,B-049
61-452,Castillo Juárez Laura Itzel,,Representación proporcional,Distrito Federal,4,,D-117
61-453,Salinas Sada Ninfa Clara,,Representación proporcional,Distrito Federal,4,,J-349
61-986,Sánchez Cortés Hilario Everardo,,Representación proporcional,México,5,,F-202
61-455,Brindis Álvarez Rosario,,Representación proporcional,Distrito Federal,4,,F-181
61-984,Cornejo Barrera Luciano,,Representación proporcional,Hidalgo,5,,I-329
61-358,López Aguilar Cruz,,Representación proporcional,Tamaulipas,2,,H-255
61-27,Hernández Cruz Luis,,Mayoría Relativa,Chiapas,3,Ocosingo,C-073
61-328,Ortiz González Graciela,,Representación proporcional,Chihuahua,1,,J-340
61-268,López Hernández Oralia,,Mayoría Relativa,Tlaxcala,1,Apizaco,H-252
61-101,Pedraza Olguín Héctor,,Mayoría Relativa,Hidalgo,2,Ixmiquilpan,J-356
61-329,González Cuevas Isaías,,Representación proporcional,Baja California Sur,1,,K-399
61-79,Vera Hernández J. Guadalupe,,Mayoría Relativa,Guanajuato,3,León,J-331
61-78,Pascualli Gómez Juan de Jesús,,Mayoría Relativa,Guanajuato,2,San Miguel de Allende,I-290
61-77,Huerta Montero Juan,,Mayoría Relativa,Guanajuato,1,San Luis de la Paz,C-055
61-76,Herrera Caldera Jorge,,Mayoría Relativa,Durango,4,Victoria de Durango,B-041
61-75,García Barrón Óscar,,Mayoría Relativa,Durango,3,Guadalupe Victoria,A-013
61-74,Rebollo Mendoza Ricardo Armando,,Mayoría Relativa,Durango,2,Gómez Palacio,A-015
61-73,López Pescador José Ricardo,,Mayoría Relativa,Durango,1,Victoria de Durango,A-014
61-72,Salgado Vázquez Rigoberto,,Mayoría Relativa,Distrito Federal,27,Tláhuac,E-155
61-71,Quiñones Cornejo María de la Paz,,Mayoría Relativa,Distrito Federal,26,Magdalena Contreras,G-230
61-70,Eguía Pérez Luis Felipe,,Mayoría Relativa,Distrito Federal,25,Iztapalapa,G-241
61-649,Durán Ortíz Estefanía,,Mayoría Relativa,México,24,Naucalpán de Juárez,G-223
61-522,De la Rosa Cortés Lily Fabiola,,Mayoría Relativa,Coahuila,7,Saltillo,C-068
61-525,Lara Aguilar Jorge Luis,,Mayoría Relativa,Chiapas,1,Palenque,C-075
61-139,Saldaña del Moral Fausto Sergio,,Mayoría Relativa,México,14,Ciudad Adolfo López Mateos,H-270
61-138,Torres Huitrón José Alfredo,,Mayoría Relativa,México,13,Ecatepec de Morelos,H-269
61-137,Corona Rivera Armando,,Mayoría Relativa,México,12,Ixtapaluca,G-234
61-640,Montes de Oca Rodríguez Xóchitl,,Mayoría Relativa,México,15,Tlanepantla de Baz,D-092
61-135,Vázquez Pérez Noé Martín,,Mayoría Relativa,México,10,Ecatepec de Morelos,G-232
61-134,Zarzosa Sánchez Eduardo,,Mayoría Relativa,México,9,Ixtlahuaca de Rayón,G-231
61-133,Méndez Hernández Sandra,,Mayoría Relativa,México,8,Tultitlán de Mariano Escobedo,F-189
61-132,Rojas San Román Francisco Lauro,,Mayoría Relativa,México,7,Cuautitlán Izcalli,G-229
61-647,Olivas Hernández María Elvira,,Mayoría Relativa,México,22,Naucalpan de Juárez,H-276
61-130,Borja Texocotitla Felipe,,Mayoría Relativa,México,5,Teotihuacán de Arista,G-228
61-182,Sánchez Vélez Jaime,,Mayoría Relativa,Morelos,5,Yautepec,L-376
61-520,Rodarte Ayala Josefina,,Mayoría Relativa,Coahuila,5,Torreón,C-069
61-180,Rodríguez Sosa Luis Félix,,Mayoría Relativa,Morelos,3,Cuautla,L-444
61-181,Mazari Espín Rosalina,,Mayoría Relativa,Morelos,4,Jojutla,D-105
61-186,Balderas Vaquera Víctor Alejandro,,Mayoría Relativa,Nuevo León,1,Santa Catarina,F-162
61-187,Guajardo Villarreal Ildefonso,,Mayoría Relativa,Nuevo León,2,Apodaca,M-478
61-184,García Gómez Martha Elena,,Mayoría Relativa,Nayarit,2,Tepic,H-253
61-185,Reyes Hernández Ivideliza,,Mayoría Relativa,Nayarit,3,Compostela,F-173
61-223,Izaguirre Francos María del Carmen,,Mayoría Relativa,Puebla,15,Tehuacán,J-343
61-222,Jiménez Merino Francisco Alberto,,Mayoría Relativa,Puebla,14,Izúcar de Matamoros,L-428
61-188,Bailey Elizondo Eduardo Alonso,,Mayoría Relativa,Nuevo León,3,Gral. Escobedo,M-477
61-189,Ramírez Puente Camilo,,Mayoría Relativa,Nuevo León,4,San Nicolás de los Garza,F-161
61-227,Lugo Oñate Alfredo Francisco,,Mayoría Relativa,Querétaro,3,Santiago de Querétaro,L-454
61-881,Valls Esponda Maricarmen,,Representación proporcional,Chiapas,3,,B-032
61-225,Martínez Peñaloza Miguel,,Mayoría Relativa,Querétaro,1,Cadereyta de Montes,F-168
61-224,Marín Torres Julieta Octavia,,Mayoría Relativa,Puebla,16,Ajalpan,L-429
61-937,Gutiérrez de la Torre Cuauhtémoc,,Representación proporcional,Distrito Federal,4,,K-416
61-933,Aguilar Álvarez y Mazarrasa Jaime,,Representación proporcional,Distrito Federal,4,,H-264
61-930,Guzmán Lozano María del Carmen,,Representación proporcional,Puebla,4,,B-031
61-346,Ramírez Bucio Arturo,,Representación proporcional,Zacatecas,2,,D-090
61-232,Mendoza Díaz Sonia,,Mayoría Relativa,San Luis Potosí,1,Matehuala,F-175
61-939,Mastache Mondragón Aarón,,Representación proporcional,Distrito Federal,4,,F-193
61-289,Santamaría Prieto Fernando,,Mayoría Relativa,Veracruz,19,San Andrés Tuxtla,I-291
61-288,Pérez Santos María Isabel,,Mayoría Relativa,Veracruz,18,Zongolica,L-451
61-162,Ledesma Magaña Israel Reyes,,Mayoría Relativa,México,37,Cuautitlán,J-365
61-233,Rodríguez Galarza Wendy Guadalupe,,Mayoría Relativa,San Luis Potosí,2,Soledad de Graciano Sánchez,G-216
61-164,Aguirre Romero Andrés,,Mayoría Relativa,México,39,Los Reyes Acaquilpan,J-366
61-165,Rubí Salazar José Adán Ignacio,,Mayoría Relativa,México,40,San Miguel Zinacantepec,F-184
61-166,Godoy Toscano Julio César,,Mayoría Relativa,Michoacán,1,Lázaro Cárdenas,H-283
61-167,Torres Robledo José M.,,Mayoría Relativa,Michoacán,2,Puruándiro,B-047
61-281,García Bringas Leandro Rafael,,Mayoría Relativa,Veracruz,11,Coatzacoalcos,G-209
61-280,Ahued Bardahuil Ricardo,,Mayoría Relativa,Veracruz,10,Xalapa,K-409
61-283,Flores Espinosa Felipe Amadeo,,Mayoría Relativa,Veracruz,13,Huatusco,P-504
61-282,Gudiño Corro Luz Carolina,,Mayoría Relativa,Veracruz,12,Veracruz,K-406
61-285,Kuri Grajales Fidel,,Mayoría Relativa,Veracruz,15,Orizaba,L-449
61-284,Martínez Armengol Luis Antonio,,Mayoría Relativa,Veracruz,14,Minatitlán,K-406
61-287,Carrillo Sánchez José Tomás,,Mayoría Relativa,Veracruz,17,Cosamaloapan,K-405
61-727,González  Alvarado María Genoveva Anavel,,Mayoría Relativa,Querétaro,3,Querétaro,L-454
61-519,González Soto Diana Patricia,,Mayoría Relativa,Coahuila,4,Saltillo,C-067
61-518,Gutiérrez Burciaga Lilia Isabel,,Mayoría Relativa,Coahuila,3,Monclova,B-040
61-997,Saénz Vargas Caritina,,Representación proporcional,México,5,,G-221
61-996,Del Mazo Maza Alejandro,,Representación proporcional,México,5,,I-305
61-236,Pedroza Gaitán César Octavio,,Mayoría Relativa,San Luis Potosí,5,San Luis Potosí,G-215
61-993,Palacios Calderón Martín,,Representación proporcional,México,5,,E-159
61-136,Hernández Hernández Jorge,,Mayoría Relativa,México,11,Ecatepec de Morelos,G-233
61-512,Puppo Gastélum Silvia,,Mayoría Relativa,Baja California Sur,1,Santa Rosalía,A-022
61-515,Curmina Cervera Margarita Beatríz de la Candelaria,,Mayoría Relativa,Campeche,2,Ciudad del Carmen,K-411
61-568,González  Mata José Antonio,,Mayoría Relativa,Distrito Federal,23,Coyoacán,D-111
61-569,De Jesús Sánchez Alin Nayely,,Mayoría Relativa,Distrito Federal,24,Coyoacán,E-134
61-292,Vidal Aguilar Liborio,,Mayoría Relativa,Yucatán,1,Valladolid,I-238
61-645,Bernal Díaz Martha Patricia,,Mayoría Relativa,México,20,Nezahualcóyotl,H-274
61-360,Medina Ramírez Tereso,,Representación proporcional,Coahuila,2,,D-104
61-21,Fernández Aguirre Héctor,,Mayoría Relativa,Coahuila,6,Torreón,B-039
61-456,Guerrero Rubio Diego,,Representación proporcional,México,4,,J-348
61-46,Jiménez López Ramón,,Mayoría Relativa,Distrito Federal,1,Gustavo A. Madero,F-200
61-47,Orozco  Rosi,,Mayoría Relativa,Distrito Federal,2,Gustavo A. Madero,E-135
61-44,Cano Ricaud Alejandro,,Mayoría Relativa,Chihuahua,8,Chihuahua,K-381
61-45,Campos Villegas Luis Carlos,,Mayoría Relativa,Chihuahua,9,Hidalgo del Parral,K-382
61-42,Ochoa Millán Maurilio,,Mayoría Relativa,Chihuahua,6,Chihuahua,J-339
61-131,Guevara Ramírez Héctor,,Mayoría Relativa,México,6,Coacalco de Berriozábal,G-225
61-40,Terrazas Porras Adriana,,Mayoría Relativa,Chihuahua,4,Juárez,K-379
61-41,Márquez Lizalde Manuel Guillermo,,Mayoría Relativa,Chihuahua,5,Delicias,K-383
61-960,Del Mazo Morales Gerardo,,Representación proporcional,Distrito Federal,4,,C-064
61-962,Muro Ortíz Jorge Alberto,,Representación proporcional,México,5,,D-094
61-963,Mondragón Cobos Guadalupe,,Representación proporcional,México,5,,D-095
61-48,Vargas Cortez Balfre,,Mayoría Relativa,Distrito Federal,3,Azcapotzalco,P-503
61-967,Ramírez Reyes Escobar Horacio,,Representación proporcional,Hidalgo,5,,E-129
61-115,Gómez Caro Clara,,Mayoría Relativa,Jalisco,9,Guadalajara,M-480
61-390,Valenzuela Cabrales Guadalupe,,Representación proporcional,Tabasco,3,,B-030
61-85,Zetina Soto Sixto Alfonso,,Mayoría Relativa,Guanajuato,9,Irapuato,J-332
61-293,Cervera Hernández Felipe,,Mayoría Relativa,Yucatán,2,Progreso,L-436
61-183,Cota Jiménez Manuel Humberto,,Mayoría Relativa,Nayarit,1,Santiago Ixcuintla,J-359
61-229,Borge Angulo Roberto,,Mayoría Relativa,Quintana Roo,1,Playa del Carmen,K-414
61-216,Morales Martínez Fernando,,Mayoría Relativa,Puebla,8,Ciudad Serdán,L-431
61-217,Jiménez Hernández Blanca Estela,,Mayoría Relativa,Puebla,9,Heroica Puebla de Zaragoza,L-430
61-214,Ramos Montaño Francisco,,Mayoría Relativa,Puebla,6,Heroica Puebla de Zaragoza,K-387
61-215,González Morales José Alberto,,Mayoría Relativa,Puebla,7,Tepeaca,J-341
61-212,Aguilar González José Óscar,,Mayoría Relativa,Puebla,4,Zacapoaxtla,J-344
61-213,González Tostado Janet Graciela,,Mayoría Relativa,Puebla,5,San Martín Texmelucan de Labastida,K-385
61-210,Lastiri Quirós Juan Carlos,,Mayoría Relativa,Puebla,2,Zacatlán,L-432
61-211,Juraidini Rumilla Jorge Alberto,,Mayoría Relativa,Puebla,3,Teziutlán,J-345
61-340,Pinedo Alonso Cora,,Representación proporcional,Nayarit,1,,D-098
61-218,Jiménez Concha Juan Pablo,,Mayoría Relativa,Puebla,10,Cholula de Rivadavia,K-386
61-219,Natale López Juan Carlos,,Mayoría Relativa,Puebla,11,Heroica Puebla de Zaragoza,H-261
61-362,Flores Rico Carlos,,Representación proporcional,Tamaulipas,2,,J-352
61-461,Castellanos Ramírez Julio,,Representación proporcional,Michoacán,5,,C-058
61-449,Muñoz Ledo  Porfirio,,Representación proporcional,Distrito Federal,4,,A-023
61-361,Rocha Aguilar Yulma,,Representación proporcional,Guanajuato,2,,J-368
61-366,Flores Escalera Hilda Esthela,,Representación proporcional,Coahuila,2,,B-038
61-367,Sánchez García Gerardo,,Representación proporcional,Guanajuato,2,,J-360
61-364,Montiel Solis Sara Gabriela,,Representación proporcional,San Luis Potosí,2,,J-371
61-460,Villarreal Benassini Karla Daniella,,Representación proporcional,Distrito Federal,4,,C-064
61-443,Hernández Juárez Francisco,,Representación proporcional,Distrito Federal,4,,F-191
61-442,Rosario Morales Florentina,,Representación proporcional,Guerrero,4,,E-154
61-441,Cirigo Vasquez Víctor Hugo,,Representación proporcional,Distrito Federal,4,,I-304
61-440,Quezada Contreras Leticia,,Representación proporcional,Distrito Federal,4,,E-152
61-447,Lozano Herrera Ilich Augusto,,Representación proporcional,Guerrero,4,,H-285
61-446,Incháustegui Romero Teresa del Carmen,,Representación proporcional,Distrito Federal,4,,I-327
61-445,Navarro Aguilar Filemón,,Representación proporcional,Guerrero,4,,I-326
61-444,Uranga Muñoz Enoé Margarita,,Representación proporcional,Distrito Federal,4,,F-190
61-692,De la Garza Malacara Adolfo,,Mayoría Relativa,Nuevo León,7,Monterrey,M-473
61-830,Barraza Chávez Héctor Elías,,Representación proporcional,Chihuahua,1,,H-284
61-655,Báez Padilla María del Pilar,,Mayoría Relativa,México,30,Nezahualcóyotl,I-318
61-205,De Esesarte Pesqueira Manuel Esteban,,Mayoría Relativa,Oaxaca,8,Oaxaca de Juárez,L-422
61-698,Avilés Álvarez Violeta,,Mayoría Relativa,Oaxaca,1,San Juan Bautista Tuxtepec,M-470
61-221,Merlo Talavera María Isabel,,Mayoría Relativa,Puebla,13,Atlixco,K-384
61-295,Zapata Bello Rolando Rodrigo,,Mayoría Relativa,Yucatán,4,Mérida,L-437
61-393,Castillo Andrade Óscar Saúl,,Representación proporcional,Veracruz,3,,G-208
61-220,Soto Martínez Leobardo,,Mayoría Relativa,Puebla,12,Heroica Puebla de Zaragoza,K-388
61-392,Díaz Lizama Rosa Adriana,,Representación proporcional,Yucatán,3,,A-006
61-148,Pichardo Lechuga José Ignacio,,Mayoría Relativa,México,23,Valle de Bravo,I-313
61-149,Mancilla Zayas Sergio,,Mayoría Relativa,México,24,Naucalpan de Juárez,G-223
61-146,Reina Liceaga Rodrigo,,Mayoría Relativa,México,21,Naucalpan de Juárez,H-275
61-147,Sánchez Guevara David Ricardo,,Mayoría Relativa,México,22,Naucalpan de Juárez,H-276
61-144,Monroy Estrada Amador,,Mayoría Relativa,México,19,Tlanepantla de Baz,H-497
61-145,Enríquez Fuentes Jesús Ricardo,,Mayoría Relativa,México,20,Ciudad Nezahualcóyotl,H-274
61-142,Valdés Huezo Josué Cirino,,Mayoría Relativa,México,17,Ecatepec de Morelos,H-272
61-143,Navarrete Prida Jesús Alfonso,,Mayoría Relativa,México,18,Huixquilucan de Degollado,H-268
61-140,Bello Otero Carlos,,Mayoría Relativa,México,15,Tlanepantla de Baz,D-092
61-141,Soto Oseguera José Luis,,Mayoría Relativa,México,16,Ecatepec de Morelos,H-271
61-484,Acosta Naranjo Guadalupe,,Representación proporcional,México,5,,P-512
61-286,Duarte de Ochoa Javier,,Mayoría Relativa,Veracruz,16,Córdoba,K-397
61-463,Landero Gutiérrez José Francisco Javier,,Representación proporcional,México,5,,D-095
61-462,Hinojosa Céspedes Adriana de Lourdes,,Representación proporcional,México,5,,D-094
61-465,Hinojosa Pérez José Manuel,,Representación proporcional,Michoacán,5,,B-035
61-464,Pérez de Tejada Romero Ma. Elena,,Representación proporcional,México,5,,C-056
61-467,Romero León Gloria,,Representación proporcional,Hidalgo,5,,P-502
61-466,Pérez Cuevas Carlos Alberto,,Representación proporcional,México,5,,D-089
61-469,Cortés León Yulenny Guylaine,,Representación proporcional,Colima,5,,G-206
61-468,Torres Ibarrola Agustín,,Representación proporcional,Michoacán,5,,A-012
61-395,Ávila Ruíz Daniel Gabriel,,Representación proporcional,Yucatán,3,,A-008
61-396,Callejas Arroyo Juan Nicolás,,Representación proporcional,Veracruz,3,,M-492
61-414,Espinosa Morales Olga Luz,,Representación proporcional,Chiapas,3,,E-149
61-947,Mendoza Flores Zeus Rafael,,Representación proporcional,Morelos,4,,H-285
61-416,Flores Ramírez Juan Gerardo,,Representación proporcional,Tabasco,3,,H-263
61-945,Cayetano Díaz Antonino,,Representación proporcional,Guerrero,4,,I-326
61-410,Cruz Cruz Juanita Arcelia,,Representación proporcional,Oaxaca,3,,E-148
61-93,Ríos Piter Armando,,Mayoría Relativa,Guerrero,3,Zihuatanejo,F-199
61-412,Carmona Cabrera Bélgica Nabil,,Representación proporcional,Oaxaca,3,,H-281
61-413,Narro Céspedes José,,Representación proporcional,Zacatecas,3,,C-077
61-92,Albarrán Mendoza Esteban,,Mayoría Relativa,Guerrero,2,Iguala,L-458
61-418,Jiménez León Pedro,,Representación proporcional,Tabasco,3,,H-278
61-419,Ramos Cárdenas Liev Vladimir,,Representación proporcional,Chiapas,3,,C-053
61-20,Riquelme Solís Miguel Ángel,,Mayoría Relativa,Coahuila,5,Torreón,C-069
61-785,Castelán Macías Adriana Refugio,,Mayoría Relativa,Veracruz,15,Orizaba,L-449
61-786,Nadal Riquelme Daniela,,Mayoría Relativa,Veracruz,16,Córdoba,L-452
61-787,Álvarez Martínez José Luis,,Mayoría Relativa,Veracruz,17,Cosamaloapan,K-405
61-24,Cruz Mendoza Carlos,,Mayoría Relativa,Colima,2,Manzanillo,K-377
61-25,López Fernández Juan Carlos,,Mayoría Relativa,Chiapas,1,Palenque,C-075
61-782,Miranda Herrera Nely Edith,,Mayoría Relativa,Veracruz,12,Veracruz,M-495
61-783,Rosas Peralta Frida Celeste,,Mayoría Relativa,Veracruz,13,Huatusco,M-493
61-28,Cortazar Ramos Ovidio,,Mayoría Relativa,Chiapas,4,Ocozocoautla de Espinosa,E-121
61-864,Rosas Ramírez Enrique Salomón,,Representación proporcional,San Luis Potosí,2,,J-371
61-394,Montalvo López Yolanda del Carmen,,Representación proporcional,Campeche,3,,A-004
61-866,Garza Flores Noé Fernando,,Representación proporcional,Coahuila,2,,J-354
61-861,Ruíz de Teresa Guillermo Raúl,,Representación proporcional,Guanajuato,2,,J-368
61-860,Cabrera Muñoz Ma. Dolores Patricia,,Representación proporcional,Coahuila,2,,D-104
61-365,Clariond Reyes Retana Benjamín,,Representación proporcional,Nuevo León,2,,M-472
61-22,Franco López Héctor,,Mayoría Relativa,Coahuila,7,Saltillo,J-355
61-415,Espinosa Ramos Francisco Amadeo,,Representación proporcional,Chiapas,3,,C-080
61-250,León Perea José Luis Marcos,,Mayoría Relativa,Sonora,4,Guaymas,K-392
61-397,Trujillo Zentella Georgina,,Representación proporcional,Tabasco,3,,L-439
61-604,Vieyra Alamilla Marcela,,Mayoría Relativa,Hidalgo,5,Tula de Allende,J-357
61-417,Sarur Torre Adriana,,Representación proporcional,Veracruz,3,,H-262
61-603,Soto Plata Blanca Luz Purificación Dalila,,Mayoría Relativa,Hidalgo,4,Tulancingo de Bravo,J-355
61-769,Juárez Capilla Prudencia Félix,,Mayoría Relativa,Tlaxcala,2,Tlaxcala,H-254
61-764,Canseco Gómez Morelos Jaime Carlos,,Mayoría Relativa,Tamaulipas,5,Victoria,I-301
61-761,García  Dávila Laura Felicitas,,Mayoría Relativa,Tamaulipas,2,Reynosa,I-300
61-308,Corral Jurado Javier,,Representación proporcional,Chihuahua,1,,B-029
61-309,Paredes Arciga Ana Elia,,Representación proporcional,Jalisco,1,,D-083
61-265,Guevara Cobos Luis Alejandro,,Mayoría Relativa,Tamaulipas,6,Ciudad Mante,H-258
61-264,Torre Cantú Rodolfo,,Mayoría Relativa,Tamaulipas,5,Ciudad Victoria,I-301
61-263,Hinojosa Ochoa Baltazar Manuel,,Mayoría Relativa,Tamaulipas,4,H. Matamoros,I-310
61-262,Melhem Salinas Edgardo,,Mayoría Relativa,Tamaulipas,3,Río Bravo,H-256
61-261,Villarreal Salinas Jesús Everardo,,Mayoría Relativa,Tamaulipas,2,Reynosa,I-300
61-260,Zamora Cabrera Cristabell,,Mayoría Relativa,Tamaulipas,1,Nuevo Laredo,I-302
61-300,Herrera Chávez Samuel,,Mayoría Relativa,Zacatecas,4,Guadalupe,D-114
61-301,Clouthier Carrillo Manuel Jesús,,Representación proporcional,Sinaloa,1,,G-203
61-302,Del Río Sánchez María Dolores,,Representación proporcional,Sonora,1,,C-055
61-303,García Portillo Arturo,,Representación proporcional,Chihuahua,1,,D-086
61-304,Trigueras Durón Dora Evelyn,,Representación proporcional,Sonora,1,,C-062
61-305,González Hernández Gustavo,,Representación proporcional,Jalisco,1,,B-508
61-306,Vega De Lamadrid Francisco Arturo,,Representación proporcional,Baja California,1,,K-373
61-307,Parra Becerra María Felicitas,,Representación proporcional,Nayarit,1,,F-172
61-411,Lara Lagunas Rodolfo,,Representación proporcional,Tabasco,3,,E-157
61-258,Bellizia Aboaf Nicolás Carlos,,Mayoría Relativa,Tabasco,5,Paraíso,L-336
61-82,Oliva Ramírez Jaime,,Mayoría Relativa,Guanajuato,6,León,I-289
61-160,Ferreyra Olivares Fernando,,Mayoría Relativa,México,35,Tenancingo de Degollado,I-323
61-80,Lugo Martínez Ruth Esperanza,,Mayoría Relativa,Guanajuato,4,Guanajuato,H-245
61-81,Gallegos Camarena Lucila del Carmen,,Mayoría Relativa,Guanajuato,5,León,H-247
61-86,Orozco Torres Norma Leticia,,Mayoría Relativa,Guanajuato,10,Uriangato,H-260
61-87,Bermúdez Méndez José Erandi,,Mayoría Relativa,Guanajuato,11,Pénjamo,I-287
61-84,Gutiérrez Ramírez Tomás,,Mayoría Relativa,Guanajuato,8,Salamanca,I-288
61-161,Casique Vences Guillermina,,Mayoría Relativa,México,36,Tejupilco de Hidalgo,I-324
61-88,Rico Jiménez Martín,,Mayoría Relativa,Guanajuato,12,Celaya,J-510
61-89,Arellano Rodríguez Rubén,,Mayoría Relativa,Guanajuato,13,Valle de Santiago,H-242
61-112,López-Portillo Basave Jorge Humberto,,Mayoría Relativa,Jalisco,6,Zapopan,M-489
61-163,Cadena Morales Manuel,,Mayoría Relativa,México,38,Texcoco de Mora,F-183
61-128,Chuayffet Chemor Emilio,,Mayoría Relativa,México,3,Atlacomulco de Fabela,G-224
61-129,Hernández García Elvia,,Mayoría Relativa,México,4,Nicolás Romero,G-227
61-659,Suárez Bastida Hazel,,Mayoría Relativa,México,34,Toluca,I-322
61-124,Meillón Johnston Carlos Luis,,Mayoría Relativa,Jalisco,18,Autlán de Navarro,C-051
61-125,Esquer Gutiérrez Alberto,,Mayoría Relativa,Jalisco,19,Ciudad Guzmán,A-002
61-126,Velasco Monroy Héctor Eduardo,,Mayoría Relativa,México,1,Jilotepec de Andrés Molina Enríquez,G-226
61-127,Domínguez Rex Raúl,,Mayoría Relativa,México,2,Teoloyucan,K-294
61-120,Madrigal Díaz César Octavio,,Mayoría Relativa,Jalisco,14,Guadalajara,B-026
61-121,Castellanos Flores Gumercindo,,Mayoría Relativa,Jalisco,15,La Barca,A-507
61-122,Hernández Pérez David,,Mayoría Relativa,Jalisco,16,Tlaquepaque,M-483
61-123,Rangel Vargas Felipe de Jesús,,Mayoría Relativa,Jalisco,17,Jocotepec,D-084
61-238,Bautista Concepción Sabino,,Mayoría Relativa,San Luis Potosí,7,Tamazunchale,J-370
61-239,Lara Salazar Óscar,,Mayoría Relativa,Sinaloa,1,El Fuerte,E-145
61-729,Hurtado  Vallejo Susana,,Mayoría Relativa,Quintana Roo,1,Solidaridad,K-414
61-348,Cantú Rodríguez Felipe de Jesús,,Representación proporcional,Nuevo León,2,,F-164
61-347,Reynoso Femat Ma. de Lourdes,,Representación proporcional,Aguascalientes,2,,G-214
61-230,Ortiz Yeladaqui Rosario,,Mayoría Relativa,Quintana Roo,2,Chetumal,K-415
61-231,Joaquín González Carlos Manuel,,Mayoría Relativa,Quintana Roo,3,Cancún,K-413
61-1005,González Hernández Yolanda Eugenia,,Representación proporcional,San Luis Potosí,2,,J-354
61-1004,Sánchez Miranda Hugo Lino,,Representación proporcional,Morelos,4,,A-009
61-234,Gama Dufour Sergio,,Mayoría Relativa,San Luis Potosí,3,Ríoverde,F-176
61-235,Guerrero Coronado Delia,,Mayoría Relativa,San Luis Potosí,4,Ciudad Valles,J-369
61-1001,Ledesma Romo Eduardo,,Representación proporcional,Baja California,1,,J-348
61-237,Escobar Martínez Juan Pablo,,Mayoría Relativa,San Luis Potosí,6,San Luis Potosí,F-177
61-924,Pérez Gutiérrez Fany,,Representación proporcional,Tlaxcala,4,,H-251
61-168,Herrera Soto Ma. Dina,,Mayoría Relativa,Michoacán,3,Heroica Zitácuaro,B-045
61-926,Rubí Huicochea Fidel Christian,,Representación proporcional,Morelos,4,,E-123
61-23,Morán Sánchez Leoncio Alfonso,,Mayoría Relativa,Colima,1,Colima,C-057
61-169,Sánchez Gálvez Ricardo,,Mayoría Relativa,Michoacán,4,Jiquilpan de Juárez,H-273
61-251,Acosta Gutiérrez Manuel Ignacio,,Mayoría Relativa,Sonora,5,Hermosillo,K-393
61-228,Rivera de la Torre Reginaldo,,Mayoría Relativa,Querétaro,4,Santiago de Querétaro,L-455
61-159,Velasco Lino José Luis,,Mayoría Relativa,México,34,Toluca de Lerdo,I-322
61-158,Yáñez Montaño J. Eduardo,,Mayoría Relativa,México,33,Chalco de Díaz Covarrubias,I-321
61-26,Orantes López Hernán de Jesús,,Mayoría Relativa,Chiapas,2,Bochil,I-297
61-151,Hernández Silva Héctor,,Mayoría Relativa,México,26,Toluca de Lerdo,I-315
61-150,Ibarra Piña Inocencio,,Mayoría Relativa,México,25,Chimalhuacán,I-314
61-153,Germán Olivares Sergio Octavio,,Mayoría Relativa,México,28,Zumpango de Ocampo,D-093
61-152,Terrón Mendoza Miguel Ángel,,Mayoría Relativa,México,27,Metepec,I-316
61-155,Rodríguez Cisneros Omar,,Mayoría Relativa,México,30,Ciudad Nezahualcóyotl,I-318
61-154,Pedroza Jiménez Héctor,,Mayoría Relativa,México,29,Ciudad Nezahualcóyolt,I-317
61-157,Luna Munguía Miguel Ángel,,Mayoría Relativa,México,32,Xico,I-320
61-156,Cortez Sandoval Germán Osvaldo,,Mayoría Relativa,México,31,Ciudad Nezahualcóyolt,I-319
61-498,Gertz Manero Alejandro,,Representación proporcional,México,5,,H-277
61-499,Ochoa Mejía Ma. Teresa Rosaura,,Representación proporcional,México,5,,G-237
61-29,Lobato García Sergio,,Mayoría Relativa,Chiapas,5,San Cristóbal de las Casas,I-298
61-494,Reyes Sahagún Teresa Guadalupe,,Representación proporcional,México,5,,D-118
61-495,Guerra Abud Juan José,,Representación proporcional,México,5,,I-306
61-496,García Cañón Carolina,,Representación proporcional,México,5,,I-305
61-497,Vargas Sáenz Álvaro Raymundo,,Representación proporcional,México,5,,G-221
61-490,Marín Díaz Feliciano Rosendo,,Representación proporcional,México,5,,A-018
61-491,García Coronado Lizbeth,,Representación proporcional,México,5,,I-325
61-492,Torres Piña Carlos,,Representación proporcional,Michoacán,5,,F-196
61-493,González Yáñez Óscar,,Representación proporcional,México,5,,E-159
61-407,Terán Velázquez María Esther,,Representación proporcional,Veracruz,3,,J-364
61-406,Ramírez Marín Jorge Carlos,,Representación proporcional,Yucatán,3,,I-312
61-405,Kidnie De La Cruz Víctor Manuel,,Representación proporcional,Campeche,3,,K-412
61-404,Liborio Arrazola Margarita,,Representación proporcional,Oaxaca,3,,M-465
61-403,Flores Morales Víctor Félix,,Representación proporcional,Veracruz,3,,M-491
61-402,Rojas Ruíz Ana María,,Representación proporcional,Chiapas,3,,I-295
61-401,Rubio Barthell Eric Luis,,Representación proporcional,Yucatán,3,,L-434
61-200,González Ilescas Jorge Venustiano,,Mayoría Relativa,Oaxaca,3,Heroica Ciudad de Huajuapan de León,M-464
61-743,Tirado Gálvez Reyna Araceli,,Mayoría Relativa,Sinaloa,5,Culiacán,E-143
61-956,Herrera Martínez Jorge,,Representación proporcional,Distrito Federal,4,,J-347
61-751,Franco Hernández Luz Mireya,,Mayoría Relativa,Sonora,5,Hermosillo,K-393
61-409,Ovalle Vaquera Federico,,Representación proporcional,Chiapas,3,,C-074
61-408,Torres Abarca O. Magdalena,,Representación proporcional,Chiapas,3,,D-108
61-819,Gómez Villalovos María de la Luz,,Representación proporcional,Chihuahua,1,,M-484
61-795,Granja Peniche Daniel Jesús,,Mayoría Relativa,Yucatán,4,Mérida,L-437
61-202,Castro Ríos Sofía,,Mayoría Relativa,Oaxaca,5,Santo Domingo Tehuantepec,M-468
61-19,Moreira Valdez Rubén Ignacio,,Mayoría Relativa,Coahuila,4,Saltillo,I-312
61-18,Sánchez de la Fuente Melchor,,Mayoría Relativa,Coahuila,3,Monclova,B-040
61-790,Rodríguez González Rafael,,Mayoría Relativa,Veracruz,20,Acayucan,L-450
61-15,Rosas González Óscar Román,,Mayoría Relativa,Campeche,2,Ciudad del Carmen,K-411
61-14,Pacheco Castro Carlos Oznerol,,Mayoría Relativa,Campeche,1,Campeche,K-410
61-17,Martínez González Hugo Héctor,,Mayoría Relativa,Coahuila,2,San Pedro,C-070
61-16,Saracho Navarro Francisco,,Mayoría Relativa,Coahuila,1,Piedras Negras,B-038
61-11,Arce Paniagua Óscar Martín,,Mayoría Relativa,Baja California,8,Tijuana,I-293
61-10,Ovando Patrón José Luis,,Mayoría Relativa,Baja California,7,Mexicali,K-374
61-13,Castro Cosío Víctor Manuel,,Mayoría Relativa,Baja California Sur,2,La Paz,A-020
61-12,Covarrubias Villaseñor Marcos Alberto,,Mayoría Relativa,Baja California Sur,1,Santa Rosalía,A-022
61-68,Toledo Gutiérrez Mauricio Alonso,,Mayoría Relativa,Distrito Federal,23,Coyoacán,D-111
61-69,Rétiz Gutiérrez Ezequiel,,Mayoría Relativa,Distrito Federal,24,Coyoacán,E-134
61-64,Fernández Noroña José Gerardo Rodolfo,,Mayoría Relativa,Distrito Federal,19,Iztapalapa,A-024
61-65,Di Costanzo Armenta Mario Alberto,,Mayoría Relativa,Distrito Federal,20,Iztapalapa,E-160
61-66,Méndez Rangel Avelino,,Mayoría Relativa,Distrito Federal,21,Xochimilco,F-197
61-67,Santana Alfaro Arturo,,Mayoría Relativa,Distrito Federal,22,Iztapalapa,D-107
61-60,Nava Vázquez José César,,Mayoría Relativa,Distrito Federal,15,Benito Juárez,D-087
61-61,Robles Colín Leticia,,Mayoría Relativa,Distrito Federal,16,Alvaro Obregón,J-334
61-62,Vázquez Camacho María Araceli,,Mayoría Relativa,Distrito Federal,17,Alvaro Obregón,A-019
61-63,Mendoza Arellano Eduardo,,Mayoría Relativa,Distrito Federal,18,Iztapalapa,E-147
61-532,Narváez Ochoa Moisés,,Mayoría Relativa,Chiapas,8,Comitán de Domínguez,I-296
61-108,Guillén Padilla Olivia,,Mayoría Relativa,Jalisco,2,Lagos de Moreno,M-485
61-109,Iñiguez Gámez José Luis,,Mayoría Relativa,Jalisco,3,Tepatitlán de Morelos,B-025
61-102,Rojo García de Alba Jorge,,Mayoría Relativa,Hidalgo,3,Actopan,K-401
61-103,Penchyna Grub David,,Mayoría Relativa,Hidalgo,4,Tulancingo de Bravo,J-354
61-100,Fayad Meneses Omar,,Mayoría Relativa,Hidalgo,1,Huejutla de Reyes,K-400
61-242,Gastélum Bajo Diva Hadamira,,Mayoría Relativa,Sinaloa,4,Guasave,D-101
61-106,Romero Romero Jorge,,Mayoría Relativa,Hidalgo,7,Tepeapulco,K-403
61-107,Téllez González Ignacio,,Mayoría Relativa,Jalisco,1,Tequila,D-085
61-104,Ramírez Valtierra Ramón,,Mayoría Relativa,Hidalgo,5,Tula de Allende,J-357
61-105,Viggiano Austria Alma Carolina,,Mayoría Relativa,Hidalgo,6,Pachuca de Soto,K-404
61-587,Zamora Ruíz María Elena,,Mayoría Relativa,Guanajuato,11,Pénjamo,I-287
61-585,Villegas  Méndez José Luis,,Mayoría Relativa,Guanajuato,9,Irapuato,J-332
61-199,Concha Arellano Elpidio Desiderio,,Mayoría Relativa,Oaxaca,2,Teotitlán de Flores Magón,L-425
61-198,Pérez Magaña Eviel,,Mayoría Relativa,Oaxaca,1,San Juan Bautista Tuxtepec,M-470
61-627,Santillán Hernández Juanita de Jesús,,Mayoría Relativa,México,2,Teoloyucan,K-294
61-194,Montes Cavazos Fermín,,Mayoría Relativa,Nuevo León,9,Linares,M-474
61-197,Cerda Pérez Rogelio,,Mayoría Relativa,Nuevo León,12,Cadereyta Jiménez,M-471
61-174,López Paredes Uriel,,Mayoría Relativa,Michoacán,9,Uruapan del Progreso,P-505
61-191,Hurtado Leija Gregorio,,Mayoría Relativa,Nuevo León,6,Monterrey,F-165
61-190,Guerra Castillo Marcela,,Mayoría Relativa,Nuevo León,5,Monterrey,M-476
61-193,Aguirre Maldonado Ma. de Jesús,,Mayoría Relativa,Nuevo León,8,Guadalupe,H-267
61-192,Enríquez Hernández Felipe,,Mayoría Relativa,Nuevo León,7,Monterrey,M-473
61-902,Nazar Morales Julián,,Representación proporcional,Chiapas,3,,I-295
61-794,Aguilar Góngora Efraín Ernesto,,Mayoría Relativa,Yucatán,3,Mérida,L-433
61-793,Alonzo Morales María Ester,,Mayoría Relativa,Yucatán,2,Progreso,L-436
61-908,Pola Figueroa Elvira de Jesús,,Representación proporcional,Chiapas,3,,D-108
61-811,Zamudio Guzmán María,,Representación proporcional,Sinaloa,1,,G-205
61-178,Moreno Merino Francisco Alejandro,,Mayoría Relativa,Morelos,1,Cuernavaca,L-443
61-331,Silerio Núñez María Guadalupe,,Representación proporcional,Durango,1,,C-078
61-330,Zambrano Grijalva José de Jesús,,Representación proporcional,Distrito Federal,1,,P-505
61-333,Ibarra Pedroza Juan Enrique,,Representación proporcional,Jalisco,1,,D-116
61-332,Meza Castro Francisco Armando,,Representación proporcional,Baja California Sur,1,,A-021
61-335,Moreno Terán Carlos Samuel,,Representación proporcional,Sonora,1,,G-222
61-334,Nava Pérez Anel Patricia,,Representación proporcional,Durango,1,,C-081
61-337,Cinta Martínez Alberto Emiliano,,Representación proporcional,Jalisco,1,,F-180
61-336,Corona Valdés Lorena,,Representación proporcional,Durango,1,,G-220
61-339,Pérez de Alva Blanco Roberto,,Representación proporcional,Baja California,1,,D-099
61-338,Ledesma Romo Laura Elena,,Representación proporcional,Baja California,1,,J-347
61-889,Mendoza Sánchez María de Jesús,,Representación proporcional,Oaxaca,3,,K-372
61-888,Rodríguez Cal y Mayor César Augusto,,Representación proporcional,Chiapas,3,,E-125
61-378,García Almanza María Guadalupe,,Representación proporcional,Oaxaca,3,,G-235
61-344,Torres Peimbert María Marcela,,Representación proporcional,Querétaro,2,,F-170
61-345,De los Cobos Silva José Gerardo,,Representación proporcional,Guanajuato,2,,H-246
61-834,Ríos Vázquez Alfonso Primitivo,,Representación proporcional,Durango,1,,C-081
61-835,Quihuis Fragoso Mariano,,Representación proporcional,Sonora,1,,G-222
61-429,López Rabadán Kenia,,Representación proporcional,Distrito Federal,4,,E-131
61-428,Becerra Pocoroba Mario Alberto,,Representación proporcional,Guerrero,4,,D-091
61-342,Sánchez Romero Norma,,Representación proporcional,Guanajuato,2,,J-330
61-343,Usabiaga Arroyo Javier Bernardo,,Representación proporcional,Guanajuato,2,,E-126
61-425,Díaz de Rivera Hernández Augusta Valentina,,Representación proporcional,Puebla,4,,B-033
61-424,González Hernández Sergio,,Representación proporcional,Tlaxcala,4,,H-251
61-427,Pérez Ceballos Silvia Esther,,Representación proporcional,Distrito Federal,4,,E-139
61-426,Giles Sánchez Jesús,,Representación proporcional,Morelos,4,,E-123
61-421,Vázquez Mota Josefina Eugenia,,Representación proporcional,México,4,,A-009
61-349,Vives Preciado Tomasa,,Representación proporcional,Coahuila,2,,F-174
61-423,Gutiérrez Cortina Paz,,Representación proporcional,Distrito Federal,4,,E-132
61-422,Gutiérrez Fragoso Valdemar,,Representación proporcional,Distrito Federal,4,,E-136
61-114,Padilla López José Trinidad,,Mayoría Relativa,Jalisco,8,Guadalajara,M-482
61-768,Macías Romero Humberto Agustín,,Mayoría Relativa,Tlaxcala,1,Apizaco,H-252
61-371,Rodríguez Martell Domingo,,Representación proporcional,San Luis Potosí,2,,F-198
61-357,Arriaga Rojas Justino Eugenio,,Representación proporcional,Guanajuato,2,,H-244
61-279,Yunes Zorrilla José Francisco,,Mayoría Relativa,Veracruz,9,Coatepec,K-408
61-201,Ambrosio Cipriano Heriberto,,Mayoría Relativa,Oaxaca,4,Tlacolula de Matamoros,M-466
61-752,Caraveo Galindo Teresita,,Mayoría Relativa,Sonora,6,Cd. Obregón,K-391
61-203,Díaz Escárraga Heliodoro Carlos,,Mayoría Relativa,Oaxaca,6,Heroica Ciudad de Tlaxiaco,M-469
61-750,Calles Villegas Patricia,,Mayoría Relativa,Sonora,4,Guaymas,K-392
61-757,De la Fuente Godínez Alejandro,,Mayoría Relativa,Tabasco,4,Centro,E-156
61-204,Mendoza Kaplan Emilio Andrés,,Mayoría Relativa,Oaxaca,7,Juchitán de Zaragoza,M-467
61-207,Ramírez Puga Leyva Héctor Pablo,,Mayoría Relativa,Oaxaca,10,Miahuatlán de Porfirio Díaz,L-423
61-206,García Corpus Teófilo Manuel,,Mayoría Relativa,Oaxaca,9,Santa Lucía del Camino,L-427
61-209,Vargas Fosado Ardelio,,Mayoría Relativa,Puebla,1,Huauchinango de Degollado,J-342
61-208,Yglesias Arreola José Antonio,,Mayoría Relativa,Oaxaca,11,Santiago Pinotepa Nacional,L-424
61-257,López Hernández Adán Augusto,,Mayoría Relativa,Tabasco,4,Villahermosa,E-156
61-274,Manzur Díaz Salvador,,Mayoría Relativa,Veracruz,4,Veracruz,L-448
61-275,Quiroz Cruz Sergio Lorenzo,,Mayoría Relativa,Veracruz,5,Poza Rica de Hidalgo,J-361
61-276,Herrera Jiménez Francisco,,Mayoría Relativa,Veracruz,6,Papantla de Olarte,J-362
61-277,Méndez Herrera Alba Leonila,,Mayoría Relativa,Veracruz,7,Martínez de la Torre,H-248
61-379,Tamez Guerra Reyes S.,,Representación proporcional,Nuevo León,2,,D-099
61-271,Chirinos del Ángel Patricio,,Mayoría Relativa,Veracruz,1,Pánuco,M-494
61-272,Mejía de la Merced Genaro,,Mayoría Relativa,Veracruz,2,Tantoyuca,J-363
61-273,Martín López Miguel,,Mayoría Relativa,Veracruz,3,Tuxpan de Rodríguez Cano,G-210
61-375,Garza Romo Kattia,,Representación proporcional,Nuevo León,2,,J-350
61-374,Pérez-Alonso González Rodrigo,,Representación proporcional,Nuevo León,2,,F-178
61-377,Ezeta Salcedo Mariana Ivette,,Representación proporcional,Querétaro,2,,G-219
61-376,Pacchiano Alamán Rafael,,Representación proporcional,Querétaro,2,,F-179
61-278,Lagos Galindo Silvio,,Mayoría Relativa,Veracruz,8,Xalapa,K-398
61-370,Anaya Mota Claudia Edith,,Representación proporcional,Zacatecas,2,,A-017
61-373,Vázquez González Pedro,,Representación proporcional,Nuevo León,2,,D-115
61-372,Guajardo Villarreal Mary Telma,,Representación proporcional,Coahuila,2,,E-151
61-420,Torre Canales María del Pilar,,Representación proporcional,México,5,,C-063
61-689,Cuadra  Tinajero Alfredo Sergio,,Mayoría Relativa,Nuevo León,4,San Nicólas de los Garza,F-161
61-684,Ocegueda Silva María Florentina,,Mayoría Relativa,Nayarit,2,Tepic,F-201
61-680,Nava Sánchez Christian Alejandro,,Mayoría Relativa,Morelos,3,Cuautla,L-444
61-683,Gómez Montero Fátima del Sol,,Mayoría Relativa,Nayarit,1,Santiago Ixcuintla,J-359
61-43,Pérez Domínguez Guadalupe,,Mayoría Relativa,Chihuahua,7,Cuauhtémoc,P-506
61-59,Hernández Rodríguez Héctor Hugo,,Mayoría Relativa,Distrito Federal,14,Tlalpan,G-240
61-58,Serrano Jiménez Emilio,,Mayoría Relativa,Distrito Federal,13,Iztacalco,D-113
61-117,Caro Cabrera Salvador,,Mayoría Relativa,Jalisco,11,Guadalajara,G-238
61-116,Ramírez Acuña Francisco Javier,,Mayoría Relativa,Jalisco,10,Zapopan,D-088
61-111,Cuevas García Juan José,,Mayoría Relativa,Jalisco,5,Puerto Vallarta,A-001
61-110,Zamora Jiménez Arturo,,Mayoría Relativa,Jalisco,4,Zapopan,M-479
61-113,Arana Arana Jorge,,Mayoría Relativa,Jalisco,7,Tonalá,M-486
61-266,Gil Ortiz Javier,,Mayoría Relativa,Tamaulipas,7,Ciudad Madero,I-299
61-51,Rebollo Vivero Roberto,,Mayoría Relativa,Distrito Federal,6,Gustavo A. Madero,L-446
61-50,González Madruga César Daniel,,Mayoría Relativa,Distrito Federal,5,Tlalpan,E-133
61-53,Llerenas Morales Vidal,,Mayoría Relativa,Distrito Federal,8,Cuauhtémoc,F-195
61-52,Norberto Sánchez Nazario,,Mayoría Relativa,Distrito Federal,7,Gustavo A. Madero,D-109
61-119,Durán Rico Ana Estela,,Mayoría Relativa,Jalisco,13,Guadalajara,M-481
61-54,Damián Peralta Esthela,,Mayoría Relativa,Distrito Federal,9,Venustiano Carranza,C-079
61-57,Guerrero Castillo Agustín,,Mayoría Relativa,Distrito Federal,12,Cuauhtémoc,E-150
61-56,Piña Olmedo Laura,,Mayoría Relativa,Distrito Federal,11,Venustiano Carranza,H-259
61-341,Salazar Sáenz Francisco Javier,,Representación proporcional,San Luis Potosí,2,,E-127
61-267,Rábago Castillo José Francisco,,Mayoría Relativa,Tamaulipas,8,Tampico,H-257
61-503,Díaz de León  Macías María Matilde Maricel,,Mayoría Relativa,Aguascalientes,3,Aguascalientes,G-212
61-500,Vázquez Aguilar Jaime Arturo,,Representación proporcional,México,5,,C-066
61-592,Flores  Majul Omar Jalil,,Mayoría Relativa,Guerrero,2,Iguala de la Independencia,L-458
61-595,Villanueva de la Luz Moisés,,Mayoría Relativa,Guerrero,5,Tlapa de Comonfort,M-500
61-597,Benítez Navarrete María del Socorro,,Mayoría Relativa,Guerrero,7,Chilpancingo de los Bravo,M-498
61-599,Rangel Miravete Óscar Ignacio,,Mayoría Relativa,Guerrero,9,Acapulco de Juárez,M-496
61-598,Gatica  Garzón  Rodolfina,,Mayoría Relativa,Guerrero,8,Ayutla de los Libres,F-194
61-616,Villaseñor Fernández Arturo,,Mayoría Relativa,Jalisco,10,Zapopan,D-088
61-617,Meza Manjarrez Salma,,Mayoría Relativa,Jalisco,11,Guadalajara,M-487
61-577,Quintana Padilla Aránzazu,,Mayoría Relativa,Guanajuato,1,San Luis de la Paz,E-137
61-857,Banda López María Gabriela,,Representación proporcional,Guanajuato,2,,H-244
61-850,Valdés González Mayra Lucila,,Representación proporcional,Coahuila,2,,G-217
61-852,Chaire Chavero Edgardo,,Representación proporcional,Guanajuato,2,,J-509
61-270,López Loyo María Elena Perla,,Mayoría Relativa,Tlaxcala,3,Zacatelco,J-367
61-49,Cárdenas Gracia Jaime Fernando,,Mayoría Relativa,Distrito Federal,4,Iztapalapa,B-050
61-913,Regis Adame Juan Carlos,,Representación proporcional,Zacatecas,3,,C-077
61-380,Martínez Peña Elsa María,,Representación proporcional,Coahuila,2,,C-065
61-381,Gil Zuarth Roberto,,Representación proporcional,Chiapas,3,,B-032
61-382,Márquez Zapata Nelly Del Carmen,,Representación proporcional,Campeche,3,,A-005
61-2,Hernández Vallin David,,Mayoría Relativa,Aguascalientes,2,Aguascalientes,L-420
61-384,Valencia Vales María Yolanda,,Representación proporcional,Yucatán,3,,A-007
61-385,Seara Sierra José Ignacio,,Representación proporcional,Campeche,3,,A-003
61-386,Monge Villalobos Silvia Isabel,,Representación proporcional,Veracruz,3,,H-249
61-387,Ortega Joaquín Gustavo Antonio Miguel,,Representación proporcional,Quintana Roo,3,,F-171
61-388,Luna Ruíz Gloria Trinidad,,Representación proporcional,Chiapas,3,,E-125
61-389,Zavaleta Rojas Guillermo José,,Representación proporcional,Oaxaca,3,,C-053
61-779,Peralta Galicia Aníbal,,Mayoría Relativa,Veracruz,9,Coatepec,K-408
61-673,Salazar Blanco Iridia,,Mayoría Relativa,Michoacán,8,Morelia,A-011
61-674,García Ayala Celia,,Mayoría Relativa,Michoacán,9,Uruapán,I-328
61-269,Velázquez y Llorente Julián Francisco,,Mayoría Relativa,Tlaxcala,2,Tlaxcala de Xicohténcatl,H-254
61-676,González Díaz José Alfredo,,Mayoría Relativa,Michoacán,11,Pátzcuaro,B-046
61-770,Herrera Ortega Nazario,,Mayoría Relativa,Tlaxcala,3,Zacatelco,H-253
61-772,Díaz  Azuara Norberta Adalmira,,Mayoría Relativa,Veracruz,2,Tantoyuca,J-363
61-774,Robles Morales Adela,,Mayoría Relativa,Veracruz,4,Veracruz,L-448
61-252,Díaz Brown Ramsburgh Rogelio Manuel,,Mayoría Relativa,Sonora,6,Cd. Obregón,K-391
61-253,Mariscales Delgadillo Onésimo,,Mayoría Relativa,Sonora,7,Navojoa,K-389
61-319,Yerena Zambrano Rafael,,Representación proporcional,Jalisco,1,,M-484
61-318,Robles Medina Guadalupe Eduardo,,Representación proporcional,Sinaloa,1,,B-027
61-256,Burelo Burelo César Francisco,,Mayoría Relativa,Tabasco,3,Comalcalco,E-158
61-709,Urzúa Rivera Ricardo,,Mayoría Relativa,Puebla,1,Huauchinango,J-342
61-254,Aysa Bernat José Antonio,,Mayoría Relativa,Tabasco,1,Macuspana,L-440
61-255,De la Fuente Dagdug María Estela,,Mayoría Relativa,Tabasco,2,Heroica Cárdenas,L-441
61-313,Pérez Esquer Marcos,,Representación proporcional,Sonora,1,,C-060
61-312,Novoa Mossberger María Joann,,Representación proporcional,Jalisco,1,,C-052
61-311,Rojo Montoya Adolfo,,Representación proporcional,Sinaloa,1,,G-205
61-310,Herrera Rivera Bonifacio,,Representación proporcional,Durango,1,,P-503
61-317,Estrada Rodríguez Laura Elena,,Representación proporcional,Durango,1,,J-333
61-316,Bahena Flores Alejandro,,Representación proporcional,Baja California,1,,M-460
61-315,Torres Delgado Enrique,,Representación proporcional,Sonora,1,,C-061
61-314,Aguilar Armendáriz Velia Idalia,,Representación proporcional,Chihuahua,1,,G-204
61-296,Castillo Ruz Martín Enrique,,Mayoría Relativa,Yucatán,5,Ticul,L-435
61-978,Fernández Martínez Silvia,,Representación proporcional,México,5,,F-185
61-297,Leyva Hernández Gerardo,,Mayoría Relativa,Zacatecas,1,Fresnillo,B-042
61-294,Araujo Lara Angélica del Rosario,,Mayoría Relativa,Yucatán,3,Mérida,L-435
61-877,Ezeta Salcedo Carlos Alberto,,Representación proporcional,Querétaro,2,,G-219
61-173,Martínez Alcázar Alfonso Jesús,,Mayoría Relativa,Michoacán,8,Morelia,A-011
61-172,García Avilés Martín,,Mayoría Relativa,Michoacán,7,Zacapu,P-501
61-171,Velázquez Esquivel Emiliano,,Mayoría Relativa,Michoacán,6,Ciudad Hidalgo,D-112
61-170,Torres Santos Sergio Arturo,,Mayoría Relativa,Michoacán,5,Zamora de Hidalgo,B-036
61-177,Valencia Barajas José María,,Mayoría Relativa,Michoacán,12,Apatzingán de la Constitución,B-048
61-176,Báez Ceja Víctor Manuel,,Mayoría Relativa,Michoacán,11,Pátzcuaro,B-046
61-175,Suárez González Laura Margarita,,Mayoría Relativa,Michoacán,10,Morelia,B-037
61-356,Salazar Vázquez Norma Leticia,,Representación proporcional,Tamaulipas,2,,B-034
61-55,Cuevas Barron Gabriela,,Mayoría Relativa,Distrito Federal,10,Miguel Hidalgo,E-130
61-179,Aguero Tovar José Manuel,,Mayoría Relativa,Morelos,2,Jiutepec,L-445
61-875,Cueva Sada Guillermo,,Representación proporcional,Nuevo León,2,,J-350
61-118,González Díaz Joel,,Mayoría Relativa,Jalisco,12,Tlajomulco de Zúñiga,M-488
61-476,De los Reyes Aguilar Jeny,,Representación proporcional,Michoacán,5,,L-459
61-477,Vázquez Góngora Canek,,Representación proporcional,Hidalgo,5,,J-461
61-474,Hernández Olmos Paula Angélica,,Representación proporcional,Hidalgo,5,,K-402
61-475,Rojas Gutiérrez Francisco José,,Representación proporcional,México,5,,I-309
61-472,González Ulloa Nancy,,Representación proporcional,Aguascalientes,2,,G-213
61-473,Benítez Treviño Víctor Humberto,,Representación proporcional,México,5,,F-182
61-470,Peralta Rivas Pedro,,Representación proporcional,Colima,5,,G-207
61-471,Quezada Naranjo Benigno,,Representación proporcional,Michoacán,5,,A-010
61-291,Benítez Lucho Antonio,,Mayoría Relativa,Veracruz,21,Cosoleacaque,K-407
61-478,Videgaray Caso Luis,,Representación proporcional,México,5,,H-268
61-479,Serrano Hernández Maricela,,Representación proporcional,México,5,,F-187
61-9,Osuna Millán Miguel Antonio,,Mayoría Relativa,Baja California,6,Tijuana,L-417
61-8,Luken Garza Gastón,,Mayoría Relativa,Baja California,5,Tijuana,L-419
61-879,Meza Elizondo José Isabel,,Representación proporcional,Nuevo León,2,,D-096
61-989,Álvarez Vázquez María Teresa,,Representación proporcional,México,5,,H-282
61-579,Alba Contreras Luz Margarita,,Mayoría Relativa,Guanajuato,3,León,J-331
61-578,Agundiz Pérez Laura Viviana,,Mayoría Relativa,Guanajuato,2,San Miguel de Allende,I-290
61-1,Arámbula López José Antonio,,Mayoría Relativa,Aguascalientes,1,Jesús María,G-211
61-576,Ávila Nevárez Pedro,,Mayoría Relativa,Durango,4,Durango,B-041
61-3,Cuadra García Raúl Gerardo,,Mayoría Relativa,Aguascalientes,3,Aguascalientes,G-212
61-350,Ramírez Rangel Jesús,,Representación proporcional,Coahuila,2,,G-217
61-5,Orduño Valdez Francisco Javier,,Mayoría Relativa,Baja California,2,Mexicali,C-054
61-4,Tolento Hernández Sergio,,Mayoría Relativa,Baja California,1,Mexicali,K-375
61-7,Cortez Mendoza Jesús Gerardo,,Mayoría Relativa,Baja California,4,Tijuana,M-511
61-6,Mancillas Amador César,,Mayoría Relativa,Baja California,3,Ensenada,L-418
61-33,Gómez León Ariel,,Mayoría Relativa,Chiapas,9,Tuxtla Gutiérrez,C-071
61-32,Albores Gleason Roberto Armando,,Mayoría Relativa,Chiapas,8,Comitán de Domínguez,I-296
61-31,Marroquín Toledo José Manuel,,Mayoría Relativa,Chiapas,7,Tonalá,E-119
61-30,Camacho Pedrero Mirna Lucrecia,,Mayoría Relativa,Chiapas,6,Tuxtla Gutiérrez,E-120
61-37,Flores Castañeda Jaime,,Mayoría Relativa,Chihuahua,1,Juárez,K-380
61-36,David David Sami,,Mayoría Relativa,Chiapas,12,Tapachula,I-311
61-35,Martínez Martínez Carlos,,Mayoría Relativa,Chiapas,11,Huixtla,E-122
61-34,Gutiérrez Villanueva Sergio Ernesto,,Mayoría Relativa,Chiapas,10,Villaflores,C-072
61-39,Pérez Reyes María Antonieta,,Mayoría Relativa,Chihuahua,3,Juárez,B-028
61-38,Murguía Lardizábal Héctor Agustín,,Mayoría Relativa,Chihuahua,2,Juárez,J-338
61-976,Espino Arévalo Fernando,,Representación proporcional,Michoacán,5,,I-459
