voter_id,vote_event_id,option
ano,1,no
ano,2,no
ano,4,yes
ano,5,yes
ano,6,yes
ano,7,no
ano,8,yes
ano,9,yes
ano,10,no
ano,11,no
ano,12,abstain
ano,13,yes
ano,14,no
ano,15,yes
ano,16,yes
ano,17,yes
ano,18,yes
ano,19,yes
ano,20,no
ano,21,yes
ano,22,no
ano,23,yes
ano,24,yes
ano,25,yes
ano,26,yes
ano,27,no
ano,28,yes
ano,29,no
ano,30,no
ano,31,no
ano,32,no
ano,33,yes
ano,34,yes
ano,35,yes
ano,36,yes
ano,37,yes
ano,38,yes
ano,39,yes
ano,40,yes
ano,41,yes
ano,42,yes
ano,43,yes
ano,44,no
ano,45,yes
ano,46,yes
ano,47,no
ano,48,no
ano,49,yes
ano,50,yes
ano,51,yes
ano,52,yes
ano,53,no
ano,54,yes
ano,55,yes
ano,56,yes
ano,57,yes
ano,58,no
ano,59,yes
ano,60,yes
ano,61,yes
ano,62,no
ano,63,yes
ano,64,yes
ano,65,yes
ano,101,yes
ano,102,no
ano,103,yes
ano,104,no
ano,105,no
ano,106,yes
ano,107,no
ano,108,no
ano,109,yes
ano,110,yes
ano,111,no
ano,112,abstain
ano,113,no
ano,114,no
ano,115,yes
ano,116,yes
ano,117,yes
ano,118,yes
ano,119,no
ano,120,yes
politicke-hnuti-zmena,1,yes
politicke-hnuti-zmena,2,yes
politicke-hnuti-zmena,4,abstain
politicke-hnuti-zmena,5,yes
politicke-hnuti-zmena,6,abstain
politicke-hnuti-zmena,7,no
politicke-hnuti-zmena,8,yes
politicke-hnuti-zmena,9,abstain
politicke-hnuti-zmena,10,yes
politicke-hnuti-zmena,11,abstain
politicke-hnuti-zmena,12,abstain
politicke-hnuti-zmena,13,yes
politicke-hnuti-zmena,14,abstain
politicke-hnuti-zmena,15,yes
politicke-hnuti-zmena,16,yes
politicke-hnuti-zmena,17,yes
politicke-hnuti-zmena,18,yes
politicke-hnuti-zmena,19,yes
politicke-hnuti-zmena,20,yes
politicke-hnuti-zmena,21,yes
politicke-hnuti-zmena,22,yes
politicke-hnuti-zmena,23,yes
politicke-hnuti-zmena,24,yes
politicke-hnuti-zmena,25,yes
politicke-hnuti-zmena,26,yes
politicke-hnuti-zmena,27,no
politicke-hnuti-zmena,28,yes
politicke-hnuti-zmena,29,yes
politicke-hnuti-zmena,30,yes
politicke-hnuti-zmena,31,yes
politicke-hnuti-zmena,32,abstain
politicke-hnuti-zmena,33,yes
politicke-hnuti-zmena,34,yes
politicke-hnuti-zmena,35,yes
politicke-hnuti-zmena,36,yes
politicke-hnuti-zmena,37,yes
politicke-hnuti-zmena,38,yes
politicke-hnuti-zmena,39,yes
politicke-hnuti-zmena,40,yes
politicke-hnuti-zmena,41,yes
politicke-hnuti-zmena,42,abstain
politicke-hnuti-zmena,43,abstain
politicke-hnuti-zmena,44,abstain
politicke-hnuti-zmena,45,yes
politicke-hnuti-zmena,46,yes
politicke-hnuti-zmena,47,yes
politicke-hnuti-zmena,48,abstain
politicke-hnuti-zmena,49,yes
politicke-hnuti-zmena,50,yes
politicke-hnuti-zmena,51,abstain
politicke-hnuti-zmena,52,yes
politicke-hnuti-zmena,53,no
politicke-hnuti-zmena,54,yes
politicke-hnuti-zmena,55,abstain
politicke-hnuti-zmena,56,yes
politicke-hnuti-zmena,57,abstain
politicke-hnuti-zmena,58,yes
politicke-hnuti-zmena,59,yes
politicke-hnuti-zmena,60,abstain
politicke-hnuti-zmena,61,abstain
politicke-hnuti-zmena,62,abstain
politicke-hnuti-zmena,63,yes
politicke-hnuti-zmena,64,yes
politicke-hnuti-zmena,65,yes
politicke-hnuti-zmena,101,abstain
politicke-hnuti-zmena,102,yes
politicke-hnuti-zmena,103,yes
politicke-hnuti-zmena,104,abstain
politicke-hnuti-zmena,105,no
politicke-hnuti-zmena,106,yes
politicke-hnuti-zmena,107,abstain
politicke-hnuti-zmena,108,no
politicke-hnuti-zmena,109,yes
politicke-hnuti-zmena,110,yes
politicke-hnuti-zmena,111,abstain
politicke-hnuti-zmena,112,no
politicke-hnuti-zmena,113,no
politicke-hnuti-zmena,114,yes
politicke-hnuti-zmena,115,abstain
politicke-hnuti-zmena,116,yes
politicke-hnuti-zmena,117,yes
politicke-hnuti-zmena,118,yes
politicke-hnuti-zmena,119,no
politicke-hnuti-zmena,120,no
volte-pravy-blok-www-cibulka-net,1,yes
volte-pravy-blok-www-cibulka-net,2,yes
volte-pravy-blok-www-cibulka-net,4,no
volte-pravy-blok-www-cibulka-net,5,yes
volte-pravy-blok-www-cibulka-net,6,yes
volte-pravy-blok-www-cibulka-net,7,yes
volte-pravy-blok-www-cibulka-net,8,no
volte-pravy-blok-www-cibulka-net,9,no
volte-pravy-blok-www-cibulka-net,10,no
volte-pravy-blok-www-cibulka-net,11,yes
volte-pravy-blok-www-cibulka-net,12,no
volte-pravy-blok-www-cibulka-net,13,no
volte-pravy-blok-www-cibulka-net,14,no
volte-pravy-blok-www-cibulka-net,15,no
volte-pravy-blok-www-cibulka-net,16,yes
volte-pravy-blok-www-cibulka-net,17,no
volte-pravy-blok-www-cibulka-net,18,yes
volte-pravy-blok-www-cibulka-net,19,yes
volte-pravy-blok-www-cibulka-net,20,no
volte-pravy-blok-www-cibulka-net,21,yes
volte-pravy-blok-www-cibulka-net,22,no
volte-pravy-blok-www-cibulka-net,23,no
volte-pravy-blok-www-cibulka-net,24,yes
volte-pravy-blok-www-cibulka-net,25,yes
volte-pravy-blok-www-cibulka-net,26,yes
volte-pravy-blok-www-cibulka-net,27,no
volte-pravy-blok-www-cibulka-net,28,yes
volte-pravy-blok-www-cibulka-net,29,yes
volte-pravy-blok-www-cibulka-net,30,yes
volte-pravy-blok-www-cibulka-net,31,no
volte-pravy-blok-www-cibulka-net,32,yes
volte-pravy-blok-www-cibulka-net,33,yes
volte-pravy-blok-www-cibulka-net,34,yes
volte-pravy-blok-www-cibulka-net,35,yes
volte-pravy-blok-www-cibulka-net,36,yes
volte-pravy-blok-www-cibulka-net,37,yes
volte-pravy-blok-www-cibulka-net,38,yes
volte-pravy-blok-www-cibulka-net,39,yes
volte-pravy-blok-www-cibulka-net,40,yes
volte-pravy-blok-www-cibulka-net,41,yes
volte-pravy-blok-www-cibulka-net,42,no
volte-pravy-blok-www-cibulka-net,43,no
volte-pravy-blok-www-cibulka-net,44,no
volte-pravy-blok-www-cibulka-net,45,yes
volte-pravy-blok-www-cibulka-net,46,yes
volte-pravy-blok-www-cibulka-net,47,yes
volte-pravy-blok-www-cibulka-net,48,no
volte-pravy-blok-www-cibulka-net,49,yes
volte-pravy-blok-www-cibulka-net,50,yes
volte-pravy-blok-www-cibulka-net,51,yes
volte-pravy-blok-www-cibulka-net,52,yes
volte-pravy-blok-www-cibulka-net,53,no
volte-pravy-blok-www-cibulka-net,54,yes
volte-pravy-blok-www-cibulka-net,55,no
volte-pravy-blok-www-cibulka-net,56,yes
volte-pravy-blok-www-cibulka-net,57,no
volte-pravy-blok-www-cibulka-net,58,no
volte-pravy-blok-www-cibulka-net,59,yes
volte-pravy-blok-www-cibulka-net,60,no
volte-pravy-blok-www-cibulka-net,61,no
volte-pravy-blok-www-cibulka-net,62,yes
volte-pravy-blok-www-cibulka-net,63,yes
volte-pravy-blok-www-cibulka-net,64,yes
volte-pravy-blok-www-cibulka-net,65,yes
volte-pravy-blok-www-cibulka-net,101,yes
volte-pravy-blok-www-cibulka-net,102,yes
volte-pravy-blok-www-cibulka-net,103,yes
volte-pravy-blok-www-cibulka-net,104,no
volte-pravy-blok-www-cibulka-net,105,yes
volte-pravy-blok-www-cibulka-net,106,yes
volte-pravy-blok-www-cibulka-net,107,yes
volte-pravy-blok-www-cibulka-net,108,no
volte-pravy-blok-www-cibulka-net,109,yes
volte-pravy-blok-www-cibulka-net,110,yes
volte-pravy-blok-www-cibulka-net,111,yes
volte-pravy-blok-www-cibulka-net,112,no
volte-pravy-blok-www-cibulka-net,113,yes
volte-pravy-blok-www-cibulka-net,114,yes
volte-pravy-blok-www-cibulka-net,115,no
volte-pravy-blok-www-cibulka-net,116,no
volte-pravy-blok-www-cibulka-net,117,yes
volte-pravy-blok-www-cibulka-net,118,yes
volte-pravy-blok-www-cibulka-net,119,no
volte-pravy-blok-www-cibulka-net,120,no
hnuti-usvit-prime-demokracie,1,yes
hnuti-usvit-prime-demokracie,2,yes
hnuti-usvit-prime-demokracie,4,yes
hnuti-usvit-prime-demokracie,5,yes
hnuti-usvit-prime-demokracie,6,no
hnuti-usvit-prime-demokracie,7,no
hnuti-usvit-prime-demokracie,8,yes
hnuti-usvit-prime-demokracie,9,no
hnuti-usvit-prime-demokracie,10,no
hnuti-usvit-prime-demokracie,11,no
hnuti-usvit-prime-demokracie,12,no
hnuti-usvit-prime-demokracie,13,no
hnuti-usvit-prime-demokracie,14,no
hnuti-usvit-prime-demokracie,15,yes
hnuti-usvit-prime-demokracie,16,no
hnuti-usvit-prime-demokracie,17,no
hnuti-usvit-prime-demokracie,18,yes
hnuti-usvit-prime-demokracie,19,yes
hnuti-usvit-prime-demokracie,20,no
hnuti-usvit-prime-demokracie,21,yes
hnuti-usvit-prime-demokracie,22,yes
hnuti-usvit-prime-demokracie,23,no
hnuti-usvit-prime-demokracie,24,yes
hnuti-usvit-prime-demokracie,25,yes
hnuti-usvit-prime-demokracie,26,yes
hnuti-usvit-prime-demokracie,27,yes
hnuti-usvit-prime-demokracie,28,yes
hnuti-usvit-prime-demokracie,29,no
hnuti-usvit-prime-demokracie,30,no
hnuti-usvit-prime-demokracie,31,no
hnuti-usvit-prime-demokracie,32,no
hnuti-usvit-prime-demokracie,33,yes
hnuti-usvit-prime-demokracie,34,yes
hnuti-usvit-prime-demokracie,35,yes
hnuti-usvit-prime-demokracie,36,yes
hnuti-usvit-prime-demokracie,37,no
hnuti-usvit-prime-demokracie,38,yes
hnuti-usvit-prime-demokracie,39,no
hnuti-usvit-prime-demokracie,40,yes
hnuti-usvit-prime-demokracie,41,yes
hnuti-usvit-prime-demokracie,42,no
hnuti-usvit-prime-demokracie,43,yes
hnuti-usvit-prime-demokracie,44,yes
hnuti-usvit-prime-demokracie,45,yes
hnuti-usvit-prime-demokracie,46,yes
hnuti-usvit-prime-demokracie,47,no
hnuti-usvit-prime-demokracie,48,no
hnuti-usvit-prime-demokracie,49,yes
hnuti-usvit-prime-demokracie,50,yes
hnuti-usvit-prime-demokracie,51,abstain
hnuti-usvit-prime-demokracie,52,yes
hnuti-usvit-prime-demokracie,53,no
hnuti-usvit-prime-demokracie,54,yes
hnuti-usvit-prime-demokracie,55,yes
hnuti-usvit-prime-demokracie,56,yes
hnuti-usvit-prime-demokracie,57,yes
hnuti-usvit-prime-demokracie,58,yes
hnuti-usvit-prime-demokracie,59,yes
hnuti-usvit-prime-demokracie,60,no
hnuti-usvit-prime-demokracie,61,no
hnuti-usvit-prime-demokracie,62,no
hnuti-usvit-prime-demokracie,63,yes
hnuti-usvit-prime-demokracie,64,yes
hnuti-usvit-prime-demokracie,65,yes
hnuti-usvit-prime-demokracie,101,yes
hnuti-usvit-prime-demokracie,102,yes
hnuti-usvit-prime-demokracie,103,yes
hnuti-usvit-prime-demokracie,104,no
hnuti-usvit-prime-demokracie,105,abstain
hnuti-usvit-prime-demokracie,106,yes
hnuti-usvit-prime-demokracie,107,no
hnuti-usvit-prime-demokracie,108,no
hnuti-usvit-prime-demokracie,109,yes
hnuti-usvit-prime-demokracie,110,yes
hnuti-usvit-prime-demokracie,111,yes
hnuti-usvit-prime-demokracie,112,no
hnuti-usvit-prime-demokracie,113,no
hnuti-usvit-prime-demokracie,114,no
hnuti-usvit-prime-demokracie,115,no
hnuti-usvit-prime-demokracie,116,yes
hnuti-usvit-prime-demokracie,117,yes
hnuti-usvit-prime-demokracie,118,yes
hnuti-usvit-prime-demokracie,119,no
hnuti-usvit-prime-demokracie,120,no
spoz,1,yes
spoz,2,yes
spoz,4,no
spoz,5,yes
spoz,6,yes
spoz,7,no
spoz,8,no
spoz,9,yes
spoz,10,no
spoz,11,yes
spoz,12,yes
spoz,13,yes
spoz,14,no
spoz,15,yes
spoz,16,yes
spoz,17,yes
spoz,18,yes
spoz,19,yes
spoz,20,yes
spoz,21,yes
spoz,22,yes
spoz,23,no
spoz,24,no
spoz,25,yes
spoz,26,yes
spoz,27,yes
spoz,28,yes
spoz,29,no
spoz,30,yes
spoz,31,no
spoz,32,yes
spoz,33,yes
spoz,34,yes
spoz,35,yes
spoz,36,yes
spoz,37,yes
spoz,38,yes
spoz,39,yes
spoz,40,yes
spoz,41,yes
spoz,42,yes
spoz,43,no
spoz,44,abstain
spoz,45,yes
spoz,46,yes
spoz,47,yes
spoz,48,no
spoz,49,yes
spoz,50,yes
spoz,51,yes
spoz,52,yes
spoz,53,no
spoz,54,yes
spoz,55,no
spoz,56,yes
spoz,57,no
spoz,58,no
spoz,59,yes
spoz,60,yes
spoz,61,no
spoz,62,no
spoz,63,yes
spoz,64,yes
spoz,65,yes
spoz,101,no
spoz,102,yes
spoz,103,yes
spoz,104,no
spoz,105,no
spoz,106,yes
spoz,107,yes
spoz,108,no
spoz,109,yes
spoz,110,yes
spoz,111,no
spoz,112,no
spoz,113,yes
spoz,114,no
spoz,115,yes
spoz,116,yes
spoz,117,yes
spoz,118,yes
spoz,119,no
spoz,120,yes
top-09,1,no
top-09,2,yes
top-09,4,yes
top-09,5,yes
top-09,6,yes
top-09,7,yes
top-09,8,no
top-09,9,yes
top-09,10,yes
top-09,11,no
top-09,12,yes
top-09,13,yes
top-09,14,yes
top-09,15,yes
top-09,16,no
top-09,17,abstain
top-09,18,yes
top-09,19,yes
top-09,20,no
top-09,21,no
top-09,22,no
top-09,23,no
top-09,24,yes
top-09,25,yes
top-09,26,no
top-09,27,no
top-09,28,yes
top-09,29,no
top-09,30,no
top-09,31,no
top-09,32,no
top-09,33,yes
top-09,34,no
top-09,35,yes
top-09,36,yes
top-09,37,no
top-09,38,yes
top-09,39,no
top-09,40,yes
top-09,41,yes
top-09,42,no
top-09,43,yes
top-09,44,yes
top-09,45,yes
top-09,46,yes
top-09,47,no
top-09,48,no
top-09,49,yes
top-09,50,yes
top-09,51,yes
top-09,52,yes
top-09,53,no
top-09,54,yes
top-09,55,yes
top-09,56,yes
top-09,57,no
top-09,58,yes
top-09,59,yes
top-09,60,yes
top-09,61,no
top-09,62,no
top-09,63,yes
top-09,64,yes
top-09,65,yes
top-09,101,no
top-09,102,no
top-09,103,no
top-09,104,no
top-09,105,no
top-09,106,no
top-09,107,yes
top-09,108,no
top-09,109,yes
top-09,110,yes
top-09,111,yes
top-09,112,yes
top-09,113,yes
top-09,114,no
top-09,115,yes
top-09,116,yes
top-09,117,yes
top-09,118,yes
top-09,119,yes
top-09,120,yes
delnicka-strana-socialni-spravedlnosti,1,yes
delnicka-strana-socialni-spravedlnosti,2,no
delnicka-strana-socialni-spravedlnosti,4,no
delnicka-strana-socialni-spravedlnosti,5,yes
delnicka-strana-socialni-spravedlnosti,6,yes
delnicka-strana-socialni-spravedlnosti,7,no
delnicka-strana-socialni-spravedlnosti,8,abstain
delnicka-strana-socialni-spravedlnosti,9,no
delnicka-strana-socialni-spravedlnosti,10,yes
delnicka-strana-socialni-spravedlnosti,11,yes
delnicka-strana-socialni-spravedlnosti,12,yes
delnicka-strana-socialni-spravedlnosti,13,no
delnicka-strana-socialni-spravedlnosti,14,no
delnicka-strana-socialni-spravedlnosti,15,no
delnicka-strana-socialni-spravedlnosti,16,yes
delnicka-strana-socialni-spravedlnosti,17,no
delnicka-strana-socialni-spravedlnosti,18,no
delnicka-strana-socialni-spravedlnosti,19,abstain
delnicka-strana-socialni-spravedlnosti,20,yes
delnicka-strana-socialni-spravedlnosti,21,yes
delnicka-strana-socialni-spravedlnosti,22,abstain
delnicka-strana-socialni-spravedlnosti,23,no
delnicka-strana-socialni-spravedlnosti,24,yes
delnicka-strana-socialni-spravedlnosti,25,no
delnicka-strana-socialni-spravedlnosti,26,yes
delnicka-strana-socialni-spravedlnosti,27,abstain
delnicka-strana-socialni-spravedlnosti,28,yes
delnicka-strana-socialni-spravedlnosti,29,no
delnicka-strana-socialni-spravedlnosti,30,yes
delnicka-strana-socialni-spravedlnosti,31,no
delnicka-strana-socialni-spravedlnosti,32,yes
delnicka-strana-socialni-spravedlnosti,33,yes
delnicka-strana-socialni-spravedlnosti,34,yes
delnicka-strana-socialni-spravedlnosti,35,no
delnicka-strana-socialni-spravedlnosti,36,yes
delnicka-strana-socialni-spravedlnosti,37,yes
delnicka-strana-socialni-spravedlnosti,38,yes
delnicka-strana-socialni-spravedlnosti,39,yes
delnicka-strana-socialni-spravedlnosti,40,yes
delnicka-strana-socialni-spravedlnosti,41,yes
delnicka-strana-socialni-spravedlnosti,42,no
delnicka-strana-socialni-spravedlnosti,43,yes
delnicka-strana-socialni-spravedlnosti,44,no
delnicka-strana-socialni-spravedlnosti,45,yes
delnicka-strana-socialni-spravedlnosti,46,yes
delnicka-strana-socialni-spravedlnosti,47,yes
delnicka-strana-socialni-spravedlnosti,48,no
delnicka-strana-socialni-spravedlnosti,49,yes
delnicka-strana-socialni-spravedlnosti,50,no
delnicka-strana-socialni-spravedlnosti,51,yes
delnicka-strana-socialni-spravedlnosti,52,no
delnicka-strana-socialni-spravedlnosti,53,no
delnicka-strana-socialni-spravedlnosti,54,yes
delnicka-strana-socialni-spravedlnosti,55,no
delnicka-strana-socialni-spravedlnosti,56,yes
delnicka-strana-socialni-spravedlnosti,57,yes
delnicka-strana-socialni-spravedlnosti,58,yes
delnicka-strana-socialni-spravedlnosti,59,yes
delnicka-strana-socialni-spravedlnosti,60,abstain
delnicka-strana-socialni-spravedlnosti,61,no
delnicka-strana-socialni-spravedlnosti,62,yes
delnicka-strana-socialni-spravedlnosti,63,no
delnicka-strana-socialni-spravedlnosti,64,yes
delnicka-strana-socialni-spravedlnosti,65,yes
delnicka-strana-socialni-spravedlnosti,101,yes
delnicka-strana-socialni-spravedlnosti,102,yes
delnicka-strana-socialni-spravedlnosti,103,yes
delnicka-strana-socialni-spravedlnosti,104,no
delnicka-strana-socialni-spravedlnosti,105,yes
delnicka-strana-socialni-spravedlnosti,106,yes
delnicka-strana-socialni-spravedlnosti,107,yes
delnicka-strana-socialni-spravedlnosti,108,no
delnicka-strana-socialni-spravedlnosti,109,yes
delnicka-strana-socialni-spravedlnosti,110,yes
delnicka-strana-socialni-spravedlnosti,111,yes
delnicka-strana-socialni-spravedlnosti,112,no
delnicka-strana-socialni-spravedlnosti,113,yes
delnicka-strana-socialni-spravedlnosti,114,abstain
delnicka-strana-socialni-spravedlnosti,115,no
delnicka-strana-socialni-spravedlnosti,116,no
delnicka-strana-socialni-spravedlnosti,117,yes
delnicka-strana-socialni-spravedlnosti,118,yes
delnicka-strana-socialni-spravedlnosti,119,no
delnicka-strana-socialni-spravedlnosti,120,no
komunisticka-strana-cech-a-moravy,1,yes
komunisticka-strana-cech-a-moravy,2,abstain
komunisticka-strana-cech-a-moravy,4,yes
komunisticka-strana-cech-a-moravy,5,yes
komunisticka-strana-cech-a-moravy,6,yes
komunisticka-strana-cech-a-moravy,7,no
komunisticka-strana-cech-a-moravy,8,abstain
komunisticka-strana-cech-a-moravy,9,yes
komunisticka-strana-cech-a-moravy,10,yes
komunisticka-strana-cech-a-moravy,11,yes
komunisticka-strana-cech-a-moravy,12,abstain
komunisticka-strana-cech-a-moravy,13,yes
komunisticka-strana-cech-a-moravy,14,no
komunisticka-strana-cech-a-moravy,15,abstain
komunisticka-strana-cech-a-moravy,16,yes
komunisticka-strana-cech-a-moravy,17,abstain
komunisticka-strana-cech-a-moravy,18,yes
komunisticka-strana-cech-a-moravy,19,yes
komunisticka-strana-cech-a-moravy,20,yes
komunisticka-strana-cech-a-moravy,21,yes
komunisticka-strana-cech-a-moravy,22,yes
komunisticka-strana-cech-a-moravy,23,abstain
komunisticka-strana-cech-a-moravy,24,no
komunisticka-strana-cech-a-moravy,25,no
komunisticka-strana-cech-a-moravy,26,yes
komunisticka-strana-cech-a-moravy,27,no
komunisticka-strana-cech-a-moravy,28,yes
komunisticka-strana-cech-a-moravy,29,abstain
komunisticka-strana-cech-a-moravy,30,yes
komunisticka-strana-cech-a-moravy,31,abstain
komunisticka-strana-cech-a-moravy,32,yes
komunisticka-strana-cech-a-moravy,33,yes
komunisticka-strana-cech-a-moravy,34,yes
komunisticka-strana-cech-a-moravy,35,yes
komunisticka-strana-cech-a-moravy,36,abstain
komunisticka-strana-cech-a-moravy,37,yes
komunisticka-strana-cech-a-moravy,38,yes
komunisticka-strana-cech-a-moravy,39,yes
komunisticka-strana-cech-a-moravy,40,yes
komunisticka-strana-cech-a-moravy,41,yes
komunisticka-strana-cech-a-moravy,42,no
komunisticka-strana-cech-a-moravy,43,no
komunisticka-strana-cech-a-moravy,44,no
komunisticka-strana-cech-a-moravy,45,yes
komunisticka-strana-cech-a-moravy,46,yes
komunisticka-strana-cech-a-moravy,47,yes
komunisticka-strana-cech-a-moravy,48,abstain
komunisticka-strana-cech-a-moravy,49,yes
komunisticka-strana-cech-a-moravy,50,yes
komunisticka-strana-cech-a-moravy,51,yes
komunisticka-strana-cech-a-moravy,52,no
komunisticka-strana-cech-a-moravy,53,abstain
komunisticka-strana-cech-a-moravy,54,yes
komunisticka-strana-cech-a-moravy,55,no
komunisticka-strana-cech-a-moravy,56,abstain
komunisticka-strana-cech-a-moravy,57,abstain
komunisticka-strana-cech-a-moravy,58,abstain
komunisticka-strana-cech-a-moravy,59,yes
komunisticka-strana-cech-a-moravy,60,yes
komunisticka-strana-cech-a-moravy,61,abstain
komunisticka-strana-cech-a-moravy,62,no
komunisticka-strana-cech-a-moravy,63,yes
komunisticka-strana-cech-a-moravy,64,yes
komunisticka-strana-cech-a-moravy,65,yes
komunisticka-strana-cech-a-moravy,101,abstain
komunisticka-strana-cech-a-moravy,102,yes
komunisticka-strana-cech-a-moravy,103,yes
komunisticka-strana-cech-a-moravy,104,no
komunisticka-strana-cech-a-moravy,105,no
komunisticka-strana-cech-a-moravy,106,yes
komunisticka-strana-cech-a-moravy,107,yes
komunisticka-strana-cech-a-moravy,108,abstain
komunisticka-strana-cech-a-moravy,109,no
komunisticka-strana-cech-a-moravy,110,yes
komunisticka-strana-cech-a-moravy,111,no
komunisticka-strana-cech-a-moravy,112,no
komunisticka-strana-cech-a-moravy,113,no
komunisticka-strana-cech-a-moravy,114,abstain
komunisticka-strana-cech-a-moravy,115,no
komunisticka-strana-cech-a-moravy,116,yes
komunisticka-strana-cech-a-moravy,117,yes
komunisticka-strana-cech-a-moravy,118,yes
komunisticka-strana-cech-a-moravy,119,no
komunisticka-strana-cech-a-moravy,120,yes
lev-21-narodni-socialiste,1,yes
lev-21-narodni-socialiste,2,yes
lev-21-narodni-socialiste,4,abstain
lev-21-narodni-socialiste,5,yes
lev-21-narodni-socialiste,6,yes
lev-21-narodni-socialiste,7,no
lev-21-narodni-socialiste,8,abstain
lev-21-narodni-socialiste,9,yes
lev-21-narodni-socialiste,10,no
lev-21-narodni-socialiste,11,abstain
lev-21-narodni-socialiste,12,yes
lev-21-narodni-socialiste,13,yes
lev-21-narodni-socialiste,14,no
lev-21-narodni-socialiste,15,no
lev-21-narodni-socialiste,16,yes
lev-21-narodni-socialiste,17,abstain
lev-21-narodni-socialiste,18,abstain
lev-21-narodni-socialiste,19,yes
lev-21-narodni-socialiste,20,yes
lev-21-narodni-socialiste,21,yes
lev-21-narodni-socialiste,22,abstain
lev-21-narodni-socialiste,23,yes
lev-21-narodni-socialiste,24,abstain
lev-21-narodni-socialiste,25,yes
lev-21-narodni-socialiste,26,yes
lev-21-narodni-socialiste,27,abstain
lev-21-narodni-socialiste,28,yes
lev-21-narodni-socialiste,29,abstain
lev-21-narodni-socialiste,30,yes
lev-21-narodni-socialiste,31,abstain
lev-21-narodni-socialiste,32,no
lev-21-narodni-socialiste,33,abstain
lev-21-narodni-socialiste,34,yes
lev-21-narodni-socialiste,35,yes
lev-21-narodni-socialiste,36,abstain
lev-21-narodni-socialiste,37,abstain
lev-21-narodni-socialiste,38,yes
lev-21-narodni-socialiste,39,abstain
lev-21-narodni-socialiste,40,yes
lev-21-narodni-socialiste,41,no
lev-21-narodni-socialiste,42,no
lev-21-narodni-socialiste,43,yes
lev-21-narodni-socialiste,44,no
lev-21-narodni-socialiste,45,yes
lev-21-narodni-socialiste,46,yes
lev-21-narodni-socialiste,47,abstain
lev-21-narodni-socialiste,48,yes
lev-21-narodni-socialiste,49,yes
lev-21-narodni-socialiste,50,yes
lev-21-narodni-socialiste,51,abstain
lev-21-narodni-socialiste,52,no
lev-21-narodni-socialiste,53,abstain
lev-21-narodni-socialiste,54,yes
lev-21-narodni-socialiste,55,no
lev-21-narodni-socialiste,56,yes
lev-21-narodni-socialiste,57,no
lev-21-narodni-socialiste,58,abstain
lev-21-narodni-socialiste,59,no
lev-21-narodni-socialiste,60,abstain
lev-21-narodni-socialiste,61,no
lev-21-narodni-socialiste,62,yes
lev-21-narodni-socialiste,63,yes
lev-21-narodni-socialiste,64,abstain
lev-21-narodni-socialiste,65,abstain
lev-21-narodni-socialiste,101,yes
lev-21-narodni-socialiste,102,yes
lev-21-narodni-socialiste,103,abstain
lev-21-narodni-socialiste,104,no
lev-21-narodni-socialiste,105,no
lev-21-narodni-socialiste,106,yes
lev-21-narodni-socialiste,107,yes
lev-21-narodni-socialiste,108,no
lev-21-narodni-socialiste,109,yes
lev-21-narodni-socialiste,110,yes
lev-21-narodni-socialiste,111,yes
lev-21-narodni-socialiste,112,no
lev-21-narodni-socialiste,113,no
lev-21-narodni-socialiste,114,no
lev-21-narodni-socialiste,115,no
lev-21-narodni-socialiste,116,yes
lev-21-narodni-socialiste,117,yes
lev-21-narodni-socialiste,118,yes
lev-21-narodni-socialiste,119,no
lev-21-narodni-socialiste,120,no
hlavu-vzhuru,1,no
hlavu-vzhuru,2,no
hlavu-vzhuru,4,no
hlavu-vzhuru,5,abstain
hlavu-vzhuru,6,yes
hlavu-vzhuru,7,yes
hlavu-vzhuru,8,no
hlavu-vzhuru,9,no
hlavu-vzhuru,10,yes
hlavu-vzhuru,11,no
hlavu-vzhuru,12,yes
hlavu-vzhuru,13,abstain
hlavu-vzhuru,14,abstain
hlavu-vzhuru,15,no
hlavu-vzhuru,16,yes
hlavu-vzhuru,17,no
hlavu-vzhuru,18,yes
hlavu-vzhuru,19,abstain
hlavu-vzhuru,20,abstain
hlavu-vzhuru,21,no
hlavu-vzhuru,22,no
hlavu-vzhuru,23,no
hlavu-vzhuru,24,no
hlavu-vzhuru,25,yes
hlavu-vzhuru,26,no
hlavu-vzhuru,27,abstain
hlavu-vzhuru,28,abstain
hlavu-vzhuru,29,no
hlavu-vzhuru,30,abstain
hlavu-vzhuru,31,no
hlavu-vzhuru,32,no
hlavu-vzhuru,33,abstain
hlavu-vzhuru,34,no
hlavu-vzhuru,35,abstain
hlavu-vzhuru,36,abstain
hlavu-vzhuru,37,no
hlavu-vzhuru,38,abstain
hlavu-vzhuru,39,yes
hlavu-vzhuru,40,abstain
hlavu-vzhuru,41,yes
hlavu-vzhuru,42,yes
hlavu-vzhuru,43,no
hlavu-vzhuru,44,no
hlavu-vzhuru,45,no
hlavu-vzhuru,46,yes
hlavu-vzhuru,47,no
hlavu-vzhuru,48,no
hlavu-vzhuru,49,abstain
hlavu-vzhuru,50,no
hlavu-vzhuru,51,abstain
hlavu-vzhuru,52,yes
hlavu-vzhuru,53,no
hlavu-vzhuru,54,yes
hlavu-vzhuru,55,no
hlavu-vzhuru,56,abstain
hlavu-vzhuru,57,no
hlavu-vzhuru,58,no
hlavu-vzhuru,59,yes
hlavu-vzhuru,60,no
hlavu-vzhuru,61,yes
hlavu-vzhuru,62,no
hlavu-vzhuru,63,abstain
hlavu-vzhuru,64,yes
hlavu-vzhuru,65,yes
hlavu-vzhuru,101,no
hlavu-vzhuru,102,no
hlavu-vzhuru,103,no
hlavu-vzhuru,104,no
hlavu-vzhuru,105,yes
hlavu-vzhuru,106,no
hlavu-vzhuru,107,yes
hlavu-vzhuru,108,no
hlavu-vzhuru,109,no
hlavu-vzhuru,110,no
hlavu-vzhuru,111,no
hlavu-vzhuru,112,abstain
hlavu-vzhuru,113,yes
hlavu-vzhuru,114,no
hlavu-vzhuru,115,abstain
hlavu-vzhuru,116,yes
hlavu-vzhuru,117,abstain
hlavu-vzhuru,118,no
hlavu-vzhuru,119,abstain
hlavu-vzhuru,120,no
koruna-ceska-monarchisticka-strana-cech-moravy-a-slezska,1,no
koruna-ceska-monarchisticka-strana-cech-moravy-a-slezska,2,yes
koruna-ceska-monarchisticka-strana-cech-moravy-a-slezska,4,yes
koruna-ceska-monarchisticka-strana-cech-moravy-a-slezska,5,no
koruna-ceska-monarchisticka-strana-cech-moravy-a-slezska,6,yes
koruna-ceska-monarchisticka-strana-cech-moravy-a-slezska,7,no
koruna-ceska-monarchisticka-strana-cech-moravy-a-slezska,8,no
koruna-ceska-monarchisticka-strana-cech-moravy-a-slezska,9,no
koruna-ceska-monarchisticka-strana-cech-moravy-a-slezska,10,yes
koruna-ceska-monarchisticka-strana-cech-moravy-a-slezska,11,no
koruna-ceska-monarchisticka-strana-cech-moravy-a-slezska,12,no
koruna-ceska-monarchisticka-strana-cech-moravy-a-slezska,13,yes
koruna-ceska-monarchisticka-strana-cech-moravy-a-slezska,14,yes
koruna-ceska-monarchisticka-strana-cech-moravy-a-slezska,15,yes
koruna-ceska-monarchisticka-strana-cech-moravy-a-slezska,16,yes
koruna-ceska-monarchisticka-strana-cech-moravy-a-slezska,17,no
koruna-ceska-monarchisticka-strana-cech-moravy-a-slezska,18,yes
koruna-ceska-monarchisticka-strana-cech-moravy-a-slezska,19,yes
koruna-ceska-monarchisticka-strana-cech-moravy-a-slezska,20,no
koruna-ceska-monarchisticka-strana-cech-moravy-a-slezska,21,yes
koruna-ceska-monarchisticka-strana-cech-moravy-a-slezska,22,yes
koruna-ceska-monarchisticka-strana-cech-moravy-a-slezska,23,no
koruna-ceska-monarchisticka-strana-cech-moravy-a-slezska,24,yes
koruna-ceska-monarchisticka-strana-cech-moravy-a-slezska,25,yes
koruna-ceska-monarchisticka-strana-cech-moravy-a-slezska,26,no
koruna-ceska-monarchisticka-strana-cech-moravy-a-slezska,27,no
koruna-ceska-monarchisticka-strana-cech-moravy-a-slezska,28,yes
koruna-ceska-monarchisticka-strana-cech-moravy-a-slezska,29,no
koruna-ceska-monarchisticka-strana-cech-moravy-a-slezska,30,no
koruna-ceska-monarchisticka-strana-cech-moravy-a-slezska,31,no
koruna-ceska-monarchisticka-strana-cech-moravy-a-slezska,32,no
koruna-ceska-monarchisticka-strana-cech-moravy-a-slezska,33,yes
koruna-ceska-monarchisticka-strana-cech-moravy-a-slezska,34,yes
koruna-ceska-monarchisticka-strana-cech-moravy-a-slezska,35,yes
koruna-ceska-monarchisticka-strana-cech-moravy-a-slezska,36,no
koruna-ceska-monarchisticka-strana-cech-moravy-a-slezska,37,no
koruna-ceska-monarchisticka-strana-cech-moravy-a-slezska,38,yes
koruna-ceska-monarchisticka-strana-cech-moravy-a-slezska,39,yes
koruna-ceska-monarchisticka-strana-cech-moravy-a-slezska,40,no
koruna-ceska-monarchisticka-strana-cech-moravy-a-slezska,41,yes
koruna-ceska-monarchisticka-strana-cech-moravy-a-slezska,42,no
koruna-ceska-monarchisticka-strana-cech-moravy-a-slezska,43,yes
koruna-ceska-monarchisticka-strana-cech-moravy-a-slezska,44,yes
koruna-ceska-monarchisticka-strana-cech-moravy-a-slezska,45,yes
koruna-ceska-monarchisticka-strana-cech-moravy-a-slezska,46,yes
koruna-ceska-monarchisticka-strana-cech-moravy-a-slezska,47,no
koruna-ceska-monarchisticka-strana-cech-moravy-a-slezska,48,no
koruna-ceska-monarchisticka-strana-cech-moravy-a-slezska,49,yes
koruna-ceska-monarchisticka-strana-cech-moravy-a-slezska,50,yes
koruna-ceska-monarchisticka-strana-cech-moravy-a-slezska,51,yes
koruna-ceska-monarchisticka-strana-cech-moravy-a-slezska,52,yes
koruna-ceska-monarchisticka-strana-cech-moravy-a-slezska,53,no
koruna-ceska-monarchisticka-strana-cech-moravy-a-slezska,54,yes
koruna-ceska-monarchisticka-strana-cech-moravy-a-slezska,55,yes
koruna-ceska-monarchisticka-strana-cech-moravy-a-slezska,56,yes
koruna-ceska-monarchisticka-strana-cech-moravy-a-slezska,57,no
koruna-ceska-monarchisticka-strana-cech-moravy-a-slezska,58,no
koruna-ceska-monarchisticka-strana-cech-moravy-a-slezska,59,yes
koruna-ceska-monarchisticka-strana-cech-moravy-a-slezska,60,no
koruna-ceska-monarchisticka-strana-cech-moravy-a-slezska,61,no
koruna-ceska-monarchisticka-strana-cech-moravy-a-slezska,62,no
koruna-ceska-monarchisticka-strana-cech-moravy-a-slezska,63,yes
koruna-ceska-monarchisticka-strana-cech-moravy-a-slezska,64,yes
koruna-ceska-monarchisticka-strana-cech-moravy-a-slezska,65,yes
koruna-ceska-monarchisticka-strana-cech-moravy-a-slezska,101,yes
koruna-ceska-monarchisticka-strana-cech-moravy-a-slezska,102,no
koruna-ceska-monarchisticka-strana-cech-moravy-a-slezska,103,no
koruna-ceska-monarchisticka-strana-cech-moravy-a-slezska,104,no
koruna-ceska-monarchisticka-strana-cech-moravy-a-slezska,105,yes
koruna-ceska-monarchisticka-strana-cech-moravy-a-slezska,106,no
koruna-ceska-monarchisticka-strana-cech-moravy-a-slezska,107,yes
koruna-ceska-monarchisticka-strana-cech-moravy-a-slezska,108,no
koruna-ceska-monarchisticka-strana-cech-moravy-a-slezska,109,no
koruna-ceska-monarchisticka-strana-cech-moravy-a-slezska,110,no
koruna-ceska-monarchisticka-strana-cech-moravy-a-slezska,111,no
koruna-ceska-monarchisticka-strana-cech-moravy-a-slezska,112,yes
koruna-ceska-monarchisticka-strana-cech-moravy-a-slezska,113,yes
koruna-ceska-monarchisticka-strana-cech-moravy-a-slezska,114,no
koruna-ceska-monarchisticka-strana-cech-moravy-a-slezska,115,yes
koruna-ceska-monarchisticka-strana-cech-moravy-a-slezska,116,yes
koruna-ceska-monarchisticka-strana-cech-moravy-a-slezska,117,yes
koruna-ceska-monarchisticka-strana-cech-moravy-a-slezska,118,no
koruna-ceska-monarchisticka-strana-cech-moravy-a-slezska,119,yes
koruna-ceska-monarchisticka-strana-cech-moravy-a-slezska,120,yes
cssd,1,yes
cssd,2,yes
cssd,4,yes
cssd,5,yes
cssd,6,yes
cssd,7,no
cssd,8,no
cssd,9,yes
cssd,10,yes
cssd,11,yes
cssd,12,yes
cssd,13,yes
cssd,14,no
cssd,15,yes
cssd,16,yes
cssd,17,yes
cssd,18,no
cssd,19,abstain
cssd,20,abstain
cssd,21,yes
cssd,22,no
cssd,23,abstain
cssd,24,abstain
cssd,25,yes
cssd,26,yes
cssd,27,abstain
cssd,28,yes
cssd,29,no
cssd,30,yes
cssd,31,no
cssd,32,yes
cssd,33,yes
cssd,34,yes
cssd,35,yes
cssd,36,abstain
cssd,37,yes
cssd,38,yes
cssd,39,yes
cssd,40,yes
cssd,41,no
cssd,42,no
cssd,43,no
cssd,44,no
cssd,45,yes
cssd,46,yes
cssd,47,yes
cssd,48,yes
cssd,49,abstain
cssd,50,yes
cssd,51,abstain
cssd,52,yes
cssd,53,no
cssd,54,yes
cssd,55,no
cssd,56,abstain
cssd,57,no
cssd,58,yes
cssd,59,yes
cssd,60,yes
cssd,61,no
cssd,62,no
cssd,63,abstain
cssd,64,yes
cssd,65,no
cssd,101,yes
cssd,102,abstain
cssd,103,yes
cssd,104,no
cssd,105,yes
cssd,106,yes
cssd,107,yes
cssd,108,no
cssd,109,abstain
cssd,110,yes
cssd,111,yes
cssd,112,no
cssd,113,no
cssd,114,no
cssd,115,abstain
cssd,116,abstain
cssd,117,yes
cssd,118,yes
cssd,119,no
cssd,120,no
ceska-piratska-strana,1,abstain
ceska-piratska-strana,2,yes
ceska-piratska-strana,4,yes
ceska-piratska-strana,5,yes
ceska-piratska-strana,6,no
ceska-piratska-strana,7,no
ceska-piratska-strana,8,yes
ceska-piratska-strana,9,no
ceska-piratska-strana,10,yes
ceska-piratska-strana,11,abstain
ceska-piratska-strana,12,yes
ceska-piratska-strana,13,yes
ceska-piratska-strana,14,no
ceska-piratska-strana,15,yes
ceska-piratska-strana,16,yes
ceska-piratska-strana,17,no
ceska-piratska-strana,18,yes
ceska-piratska-strana,19,yes
ceska-piratska-strana,20,yes
ceska-piratska-strana,21,yes
ceska-piratska-strana,22,yes
ceska-piratska-strana,23,yes
ceska-piratska-strana,24,yes
ceska-piratska-strana,25,yes
ceska-piratska-strana,26,yes
ceska-piratska-strana,27,no
ceska-piratska-strana,28,yes
ceska-piratska-strana,29,no
ceska-piratska-strana,30,no
ceska-piratska-strana,31,yes
ceska-piratska-strana,32,no
ceska-piratska-strana,33,yes
ceska-piratska-strana,34,yes
ceska-piratska-strana,35,yes
ceska-piratska-strana,36,yes
ceska-piratska-strana,37,yes
ceska-piratska-strana,38,yes
ceska-piratska-strana,39,no
ceska-piratska-strana,40,yes
ceska-piratska-strana,41,yes
ceska-piratska-strana,42,no
ceska-piratska-strana,43,yes
ceska-piratska-strana,44,abstain
ceska-piratska-strana,45,yes
ceska-piratska-strana,46,yes
ceska-piratska-strana,47,yes
ceska-piratska-strana,48,no
ceska-piratska-strana,49,no
ceska-piratska-strana,50,yes
ceska-piratska-strana,51,yes
ceska-piratska-strana,52,abstain
ceska-piratska-strana,53,no
ceska-piratska-strana,54,yes
ceska-piratska-strana,55,no
ceska-piratska-strana,56,yes
ceska-piratska-strana,57,no
ceska-piratska-strana,58,yes
ceska-piratska-strana,59,yes
ceska-piratska-strana,60,no
ceska-piratska-strana,61,no
ceska-piratska-strana,62,yes
ceska-piratska-strana,63,yes
ceska-piratska-strana,64,yes
ceska-piratska-strana,65,no
ceska-piratska-strana,101,yes
ceska-piratska-strana,102,yes
ceska-piratska-strana,103,no
ceska-piratska-strana,104,no
ceska-piratska-strana,105,no
ceska-piratska-strana,106,yes
ceska-piratska-strana,107,yes
ceska-piratska-strana,108,no
ceska-piratska-strana,109,yes
ceska-piratska-strana,110,yes
ceska-piratska-strana,111,no
ceska-piratska-strana,112,no
ceska-piratska-strana,113,no
ceska-piratska-strana,114,yes
ceska-piratska-strana,115,yes
ceska-piratska-strana,116,yes
ceska-piratska-strana,117,yes
ceska-piratska-strana,118,yes
ceska-piratska-strana,119,no
ceska-piratska-strana,120,yes
kdu-csl,1,yes
kdu-csl,2,yes
kdu-csl,4,yes
kdu-csl,5,yes
kdu-csl,6,no
kdu-csl,7,no
kdu-csl,8,no
kdu-csl,9,yes
kdu-csl,10,yes
kdu-csl,11,no
kdu-csl,12,no
kdu-csl,13,yes
kdu-csl,14,no
kdu-csl,15,yes
kdu-csl,16,yes
kdu-csl,17,abstain
kdu-csl,18,yes
kdu-csl,19,yes
kdu-csl,20,no
kdu-csl,21,no
kdu-csl,22,no
kdu-csl,23,no
kdu-csl,24,abstain
kdu-csl,25,yes
kdu-csl,26,no
kdu-csl,27,no
kdu-csl,28,yes
kdu-csl,29,no
kdu-csl,30,yes
kdu-csl,31,no
kdu-csl,32,no
kdu-csl,33,yes
kdu-csl,34,yes
kdu-csl,35,yes
kdu-csl,36,no
kdu-csl,37,no
kdu-csl,38,yes
kdu-csl,39,yes
kdu-csl,40,yes
kdu-csl,41,yes
kdu-csl,42,yes
kdu-csl,43,abstain
kdu-csl,44,yes
kdu-csl,45,yes
kdu-csl,46,abstain
kdu-csl,47,no
kdu-csl,48,no
kdu-csl,49,yes
kdu-csl,50,yes
kdu-csl,51,abstain
kdu-csl,52,yes
kdu-csl,53,no
kdu-csl,54,yes
kdu-csl,55,no
kdu-csl,56,yes
kdu-csl,57,yes
kdu-csl,58,yes
kdu-csl,59,yes
kdu-csl,60,yes
kdu-csl,61,yes
kdu-csl,62,no
kdu-csl,63,yes
kdu-csl,64,yes
kdu-csl,65,yes
kdu-csl,101,yes
kdu-csl,102,no
kdu-csl,103,yes
kdu-csl,104,abstain
kdu-csl,105,yes
kdu-csl,106,yes
kdu-csl,107,yes
kdu-csl,108,no
kdu-csl,109,yes
kdu-csl,110,yes
kdu-csl,111,yes
kdu-csl,112,no
kdu-csl,113,abstain
kdu-csl,114,no
kdu-csl,115,abstain
kdu-csl,116,yes
kdu-csl,117,yes
kdu-csl,118,no
kdu-csl,119,no
kdu-csl,120,no
suverenita-strana-zdraveho-rozumu,1,no
suverenita-strana-zdraveho-rozumu,2,no
suverenita-strana-zdraveho-rozumu,4,no
suverenita-strana-zdraveho-rozumu,5,yes
suverenita-strana-zdraveho-rozumu,6,yes
suverenita-strana-zdraveho-rozumu,7,no
suverenita-strana-zdraveho-rozumu,8,no
suverenita-strana-zdraveho-rozumu,9,no
suverenita-strana-zdraveho-rozumu,10,abstain
suverenita-strana-zdraveho-rozumu,11,abstain
suverenita-strana-zdraveho-rozumu,12,abstain
suverenita-strana-zdraveho-rozumu,13,no
suverenita-strana-zdraveho-rozumu,14,no
suverenita-strana-zdraveho-rozumu,15,yes
suverenita-strana-zdraveho-rozumu,16,yes
suverenita-strana-zdraveho-rozumu,17,no
suverenita-strana-zdraveho-rozumu,18,no
suverenita-strana-zdraveho-rozumu,19,abstain
suverenita-strana-zdraveho-rozumu,20,yes
suverenita-strana-zdraveho-rozumu,21,yes
suverenita-strana-zdraveho-rozumu,22,yes
suverenita-strana-zdraveho-rozumu,23,no
suverenita-strana-zdraveho-rozumu,24,yes
suverenita-strana-zdraveho-rozumu,25,abstain
suverenita-strana-zdraveho-rozumu,26,yes
suverenita-strana-zdraveho-rozumu,27,abstain
suverenita-strana-zdraveho-rozumu,28,yes
suverenita-strana-zdraveho-rozumu,29,no
suverenita-strana-zdraveho-rozumu,30,no
suverenita-strana-zdraveho-rozumu,31,abstain
suverenita-strana-zdraveho-rozumu,32,yes
suverenita-strana-zdraveho-rozumu,33,yes
suverenita-strana-zdraveho-rozumu,34,yes
suverenita-strana-zdraveho-rozumu,35,abstain
suverenita-strana-zdraveho-rozumu,36,yes
suverenita-strana-zdraveho-rozumu,37,abstain
suverenita-strana-zdraveho-rozumu,38,yes
suverenita-strana-zdraveho-rozumu,39,yes
suverenita-strana-zdraveho-rozumu,40,yes
suverenita-strana-zdraveho-rozumu,41,abstain
suverenita-strana-zdraveho-rozumu,42,abstain
suverenita-strana-zdraveho-rozumu,43,no
suverenita-strana-zdraveho-rozumu,44,no
suverenita-strana-zdraveho-rozumu,45,yes
suverenita-strana-zdraveho-rozumu,46,yes
suverenita-strana-zdraveho-rozumu,47,abstain
suverenita-strana-zdraveho-rozumu,48,no
suverenita-strana-zdraveho-rozumu,49,yes
suverenita-strana-zdraveho-rozumu,50,yes
suverenita-strana-zdraveho-rozumu,51,yes
suverenita-strana-zdraveho-rozumu,52,no
suverenita-strana-zdraveho-rozumu,53,no
suverenita-strana-zdraveho-rozumu,54,yes
suverenita-strana-zdraveho-rozumu,55,no
suverenita-strana-zdraveho-rozumu,56,yes
suverenita-strana-zdraveho-rozumu,57,yes
suverenita-strana-zdraveho-rozumu,58,yes
suverenita-strana-zdraveho-rozumu,59,abstain
suverenita-strana-zdraveho-rozumu,60,no
suverenita-strana-zdraveho-rozumu,61,yes
suverenita-strana-zdraveho-rozumu,62,yes
suverenita-strana-zdraveho-rozumu,63,yes
suverenita-strana-zdraveho-rozumu,64,yes
suverenita-strana-zdraveho-rozumu,65,yes
suverenita-strana-zdraveho-rozumu,101,yes
suverenita-strana-zdraveho-rozumu,102,yes
suverenita-strana-zdraveho-rozumu,103,yes
suverenita-strana-zdraveho-rozumu,104,no
suverenita-strana-zdraveho-rozumu,105,no
suverenita-strana-zdraveho-rozumu,106,yes
suverenita-strana-zdraveho-rozumu,107,yes
suverenita-strana-zdraveho-rozumu,108,no
suverenita-strana-zdraveho-rozumu,109,yes
suverenita-strana-zdraveho-rozumu,110,yes
suverenita-strana-zdraveho-rozumu,111,yes
suverenita-strana-zdraveho-rozumu,112,no
suverenita-strana-zdraveho-rozumu,113,yes
suverenita-strana-zdraveho-rozumu,114,no
suverenita-strana-zdraveho-rozumu,115,no
suverenita-strana-zdraveho-rozumu,116,yes
suverenita-strana-zdraveho-rozumu,117,yes
suverenita-strana-zdraveho-rozumu,118,yes
suverenita-strana-zdraveho-rozumu,119,no
suverenita-strana-zdraveho-rozumu,120,yes
obcanska-demokraticka-strana-ods,1,abstain
obcanska-demokraticka-strana-ods,2,yes
obcanska-demokraticka-strana-ods,4,abstain
obcanska-demokraticka-strana-ods,5,yes
obcanska-demokraticka-strana-ods,6,abstain
obcanska-demokraticka-strana-ods,7,no
obcanska-demokraticka-strana-ods,8,no
obcanska-demokraticka-strana-ods,9,no
obcanska-demokraticka-strana-ods,10,yes
obcanska-demokraticka-strana-ods,11,no
obcanska-demokraticka-strana-ods,12,no
obcanska-demokraticka-strana-ods,13,no
obcanska-demokraticka-strana-ods,14,abstain
obcanska-demokraticka-strana-ods,15,yes
obcanska-demokraticka-strana-ods,16,no
obcanska-demokraticka-strana-ods,17,no
obcanska-demokraticka-strana-ods,18,yes
obcanska-demokraticka-strana-ods,19,yes
obcanska-demokraticka-strana-ods,20,no
obcanska-demokraticka-strana-ods,21,no
obcanska-demokraticka-strana-ods,22,no
obcanska-demokraticka-strana-ods,23,no
obcanska-demokraticka-strana-ods,24,abstain
obcanska-demokraticka-strana-ods,25,yes
obcanska-demokraticka-strana-ods,26,no
obcanska-demokraticka-strana-ods,27,no
obcanska-demokraticka-strana-ods,28,yes
obcanska-demokraticka-strana-ods,29,no
obcanska-demokraticka-strana-ods,30,no
obcanska-demokraticka-strana-ods,31,no
obcanska-demokraticka-strana-ods,32,no
obcanska-demokraticka-strana-ods,33,no
obcanska-demokraticka-strana-ods,34,no
obcanska-demokraticka-strana-ods,35,yes
obcanska-demokraticka-strana-ods,36,no
obcanska-demokraticka-strana-ods,37,yes
obcanska-demokraticka-strana-ods,38,abstain
obcanska-demokraticka-strana-ods,39,no
obcanska-demokraticka-strana-ods,40,no
obcanska-demokraticka-strana-ods,41,yes
obcanska-demokraticka-strana-ods,42,yes
obcanska-demokraticka-strana-ods,43,yes
obcanska-demokraticka-strana-ods,44,yes
obcanska-demokraticka-strana-ods,45,abstain
obcanska-demokraticka-strana-ods,46,no
obcanska-demokraticka-strana-ods,47,no
obcanska-demokraticka-strana-ods,48,no
obcanska-demokraticka-strana-ods,49,yes
obcanska-demokraticka-strana-ods,50,yes
obcanska-demokraticka-strana-ods,51,yes
obcanska-demokraticka-strana-ods,52,yes
obcanska-demokraticka-strana-ods,53,no
obcanska-demokraticka-strana-ods,54,abstain
obcanska-demokraticka-strana-ods,55,yes
obcanska-demokraticka-strana-ods,56,no
obcanska-demokraticka-strana-ods,57,no
obcanska-demokraticka-strana-ods,58,no
obcanska-demokraticka-strana-ods,59,no
obcanska-demokraticka-strana-ods,60,abstain
obcanska-demokraticka-strana-ods,61,yes
obcanska-demokraticka-strana-ods,62,no
obcanska-demokraticka-strana-ods,63,no
obcanska-demokraticka-strana-ods,64,yes
obcanska-demokraticka-strana-ods,65,yes
obcanska-demokraticka-strana-ods,101,abstain
obcanska-demokraticka-strana-ods,102,no
obcanska-demokraticka-strana-ods,103,no
obcanska-demokraticka-strana-ods,104,no
obcanska-demokraticka-strana-ods,105,abstain
obcanska-demokraticka-strana-ods,106,no
obcanska-demokraticka-strana-ods,107,no
obcanska-demokraticka-strana-ods,108,no
obcanska-demokraticka-strana-ods,109,yes
obcanska-demokraticka-strana-ods,110,no
obcanska-demokraticka-strana-ods,111,no
obcanska-demokraticka-strana-ods,112,yes
obcanska-demokraticka-strana-ods,113,no
obcanska-demokraticka-strana-ods,114,abstain
obcanska-demokraticka-strana-ods,115,yes
obcanska-demokraticka-strana-ods,116,yes
obcanska-demokraticka-strana-ods,117,yes
obcanska-demokraticka-strana-ods,118,no
obcanska-demokraticka-strana-ods,119,no
obcanska-demokraticka-strana-ods,120,abstain
strana-zelenych,1,yes
strana-zelenych,2,yes
strana-zelenych,4,yes
strana-zelenych,5,yes
strana-zelenych,6,no
strana-zelenych,7,no
strana-zelenych,8,no
strana-zelenych,9,yes
strana-zelenych,10,yes
strana-zelenych,11,yes
strana-zelenych,12,yes
strana-zelenych,13,yes
strana-zelenych,14,no
strana-zelenych,15,yes
strana-zelenych,16,yes
strana-zelenych,17,yes
strana-zelenych,18,yes
strana-zelenych,19,yes
strana-zelenych,20,no
strana-zelenych,21,yes
strana-zelenych,22,yes
strana-zelenych,23,yes
strana-zelenych,24,yes
strana-zelenych,25,yes
strana-zelenych,26,yes
strana-zelenych,27,no
strana-zelenych,28,yes
strana-zelenych,29,yes
strana-zelenych,30,yes
strana-zelenych,31,yes
strana-zelenych,32,no
strana-zelenych,33,yes
strana-zelenych,34,yes
strana-zelenych,35,yes
strana-zelenych,36,yes
strana-zelenych,37,yes
strana-zelenych,38,yes
strana-zelenych,39,yes
strana-zelenych,40,yes
strana-zelenych,41,yes
strana-zelenych,42,no
strana-zelenych,43,yes
strana-zelenych,44,yes
strana-zelenych,45,yes
strana-zelenych,46,yes
strana-zelenych,47,yes
strana-zelenych,48,yes
strana-zelenych,49,yes
strana-zelenych,50,yes
strana-zelenych,51,yes
strana-zelenych,52,no
strana-zelenych,53,no
strana-zelenych,54,yes
strana-zelenych,55,no
strana-zelenych,56,yes
strana-zelenych,57,yes
strana-zelenych,58,yes
strana-zelenych,59,yes
strana-zelenych,60,yes
strana-zelenych,61,no
strana-zelenych,62,yes
strana-zelenych,63,yes
strana-zelenych,64,yes
strana-zelenych,65,yes
strana-zelenych,101,no
strana-zelenych,102,yes
strana-zelenych,103,yes
strana-zelenych,104,no
strana-zelenych,105,no
strana-zelenych,106,yes
strana-zelenych,107,yes
strana-zelenych,108,no
strana-zelenych,109,yes
strana-zelenych,110,yes
strana-zelenych,111,no
strana-zelenych,112,no
strana-zelenych,113,no
strana-zelenych,114,yes
strana-zelenych,115,no
strana-zelenych,116,yes
strana-zelenych,117,yes
strana-zelenych,118,yes
strana-zelenych,119,no
strana-zelenych,120,yes
strana-svobodnych-obcanu,1,no
strana-svobodnych-obcanu,2,yes
strana-svobodnych-obcanu,4,yes
strana-svobodnych-obcanu,5,no
strana-svobodnych-obcanu,6,no
strana-svobodnych-obcanu,7,yes
strana-svobodnych-obcanu,8,abstain
strana-svobodnych-obcanu,9,no
strana-svobodnych-obcanu,10,no
strana-svobodnych-obcanu,11,no
strana-svobodnych-obcanu,12,no
strana-svobodnych-obcanu,13,no
strana-svobodnych-obcanu,14,yes
strana-svobodnych-obcanu,15,no
strana-svobodnych-obcanu,16,abstain
strana-svobodnych-obcanu,17,no
strana-svobodnych-obcanu,18,yes
strana-svobodnych-obcanu,19,yes
strana-svobodnych-obcanu,20,yes
strana-svobodnych-obcanu,21,no
strana-svobodnych-obcanu,22,no
strana-svobodnych-obcanu,23,abstain
strana-svobodnych-obcanu,24,no
strana-svobodnych-obcanu,25,yes
strana-svobodnych-obcanu,26,yes
strana-svobodnych-obcanu,27,no
strana-svobodnych-obcanu,28,no
strana-svobodnych-obcanu,29,no
strana-svobodnych-obcanu,30,no
strana-svobodnych-obcanu,31,yes
strana-svobodnych-obcanu,32,no
strana-svobodnych-obcanu,33,yes
strana-svobodnych-obcanu,34,no
strana-svobodnych-obcanu,35,no
strana-svobodnych-obcanu,36,no
strana-svobodnych-obcanu,37,no
strana-svobodnych-obcanu,38,abstain
strana-svobodnych-obcanu,39,no
strana-svobodnych-obcanu,40,no
strana-svobodnych-obcanu,41,yes
strana-svobodnych-obcanu,42,no
strana-svobodnych-obcanu,43,yes
strana-svobodnych-obcanu,44,no
strana-svobodnych-obcanu,45,no
strana-svobodnych-obcanu,46,no
strana-svobodnych-obcanu,47,no
strana-svobodnych-obcanu,48,no
strana-svobodnych-obcanu,49,abstain
strana-svobodnych-obcanu,50,abstain
strana-svobodnych-obcanu,51,no
strana-svobodnych-obcanu,52,no
strana-svobodnych-obcanu,53,no
strana-svobodnych-obcanu,54,yes
strana-svobodnych-obcanu,55,no
strana-svobodnych-obcanu,56,abstain
strana-svobodnych-obcanu,57,no
strana-svobodnych-obcanu,58,no
strana-svobodnych-obcanu,59,no
strana-svobodnych-obcanu,60,no
strana-svobodnych-obcanu,61,no
strana-svobodnych-obcanu,62,yes
strana-svobodnych-obcanu,63,yes
strana-svobodnych-obcanu,64,abstain
strana-svobodnych-obcanu,65,no
strana-svobodnych-obcanu,101,no
strana-svobodnych-obcanu,102,no
strana-svobodnych-obcanu,103,no
strana-svobodnych-obcanu,104,abstain
strana-svobodnych-obcanu,105,yes
strana-svobodnych-obcanu,106,abstain
strana-svobodnych-obcanu,107,abstain
strana-svobodnych-obcanu,108,no
strana-svobodnych-obcanu,109,no
strana-svobodnych-obcanu,110,yes
strana-svobodnych-obcanu,111,abstain
strana-svobodnych-obcanu,112,yes
strana-svobodnych-obcanu,113,no
strana-svobodnych-obcanu,114,no
strana-svobodnych-obcanu,115,no
strana-svobodnych-obcanu,116,no
strana-svobodnych-obcanu,117,no
strana-svobodnych-obcanu,118,no
strana-svobodnych-obcanu,119,yes
strana-svobodnych-obcanu,120,abstain
strana-soukromniku-ceske-republiky,1,no
strana-soukromniku-ceske-republiky,2,no
strana-soukromniku-ceske-republiky,4,no
strana-soukromniku-ceske-republiky,5,no
strana-soukromniku-ceske-republiky,6,yes
strana-soukromniku-ceske-republiky,7,no
strana-soukromniku-ceske-republiky,8,yes
strana-soukromniku-ceske-republiky,9,no
strana-soukromniku-ceske-republiky,10,yes
strana-soukromniku-ceske-republiky,11,no
strana-soukromniku-ceske-republiky,12,no
strana-soukromniku-ceske-republiky,13,no
strana-soukromniku-ceske-republiky,14,yes
strana-soukromniku-ceske-republiky,15,no
strana-soukromniku-ceske-republiky,16,yes
strana-soukromniku-ceske-republiky,17,no
strana-soukromniku-ceske-republiky,18,yes
strana-soukromniku-ceske-republiky,19,yes
strana-soukromniku-ceske-republiky,20,no
strana-soukromniku-ceske-republiky,21,yes
strana-soukromniku-ceske-republiky,22,yes
strana-soukromniku-ceske-republiky,23,no
strana-soukromniku-ceske-republiky,24,no
strana-soukromniku-ceske-republiky,25,yes
strana-soukromniku-ceske-republiky,26,yes
strana-soukromniku-ceske-republiky,27,no
strana-soukromniku-ceske-republiky,28,yes
strana-soukromniku-ceske-republiky,29,yes
strana-soukromniku-ceske-republiky,30,no
strana-soukromniku-ceske-republiky,31,yes
strana-soukromniku-ceske-republiky,32,yes
strana-soukromniku-ceske-republiky,33,no
strana-soukromniku-ceske-republiky,34,no
strana-soukromniku-ceske-republiky,35,yes
strana-soukromniku-ceske-republiky,36,yes
strana-soukromniku-ceske-republiky,37,no
strana-soukromniku-ceske-republiky,38,yes
strana-soukromniku-ceske-republiky,39,yes
strana-soukromniku-ceske-republiky,40,yes
strana-soukromniku-ceske-republiky,41,yes
strana-soukromniku-ceske-republiky,42,yes
strana-soukromniku-ceske-republiky,43,no
strana-soukromniku-ceske-republiky,44,no
strana-soukromniku-ceske-republiky,45,yes
strana-soukromniku-ceske-republiky,46,yes
strana-soukromniku-ceske-republiky,47,no
strana-soukromniku-ceske-republiky,48,no
strana-soukromniku-ceske-republiky,49,yes
strana-soukromniku-ceske-republiky,50,no
strana-soukromniku-ceske-republiky,51,yes
strana-soukromniku-ceske-republiky,52,no
strana-soukromniku-ceske-republiky,53,no
strana-soukromniku-ceske-republiky,54,yes
strana-soukromniku-ceske-republiky,55,no
strana-soukromniku-ceske-republiky,56,yes
strana-soukromniku-ceske-republiky,57,yes
strana-soukromniku-ceske-republiky,58,yes
strana-soukromniku-ceske-republiky,59,yes
strana-soukromniku-ceske-republiky,60,yes
strana-soukromniku-ceske-republiky,61,yes
strana-soukromniku-ceske-republiky,62,no
strana-soukromniku-ceske-republiky,63,yes
strana-soukromniku-ceske-republiky,64,yes
strana-soukromniku-ceske-republiky,65,yes
strana-soukromniku-ceske-republiky,101,abstain
strana-soukromniku-ceske-republiky,102,yes
strana-soukromniku-ceske-republiky,103,yes
strana-soukromniku-ceske-republiky,104,abstain
strana-soukromniku-ceske-republiky,105,abstain
strana-soukromniku-ceske-republiky,106,yes
strana-soukromniku-ceske-republiky,107,yes
strana-soukromniku-ceske-republiky,108,no
strana-soukromniku-ceske-republiky,109,abstain
strana-soukromniku-ceske-republiky,110,yes
strana-soukromniku-ceske-republiky,111,yes
strana-soukromniku-ceske-republiky,112,no
strana-soukromniku-ceske-republiky,113,abstain
strana-soukromniku-ceske-republiky,114,abstain
strana-soukromniku-ceske-republiky,115,no
strana-soukromniku-ceske-republiky,116,yes
strana-soukromniku-ceske-republiky,117,abstain
strana-soukromniku-ceske-republiky,118,yes
strana-soukromniku-ceske-republiky,119,no
strana-soukromniku-ceske-republiky,120,no
obcane-2011,1,yes
obcane-2011,2,yes
obcane-2011,4,no
obcane-2011,5,yes
obcane-2011,6,yes
obcane-2011,7,no
obcane-2011,8,no
obcane-2011,9,no
obcane-2011,10,yes
obcane-2011,11,no
obcane-2011,12,no
obcane-2011,13,yes
obcane-2011,14,no
obcane-2011,15,yes
obcane-2011,16,yes
obcane-2011,17,no
obcane-2011,18,yes
obcane-2011,19,yes
obcane-2011,20,yes
obcane-2011,21,yes
obcane-2011,22,yes
obcane-2011,23,no
obcane-2011,24,yes
obcane-2011,25,yes
obcane-2011,26,yes
obcane-2011,27,no
obcane-2011,28,yes
obcane-2011,29,no
obcane-2011,30,yes
obcane-2011,31,no
obcane-2011,32,yes
obcane-2011,33,yes
obcane-2011,34,yes
obcane-2011,35,yes
obcane-2011,36,yes
obcane-2011,37,yes
obcane-2011,38,yes
obcane-2011,39,yes
obcane-2011,40,yes
obcane-2011,41,yes
obcane-2011,42,yes
obcane-2011,43,no
obcane-2011,44,no
obcane-2011,45,yes
obcane-2011,46,yes
obcane-2011,47,yes
obcane-2011,48,no
obcane-2011,49,yes
obcane-2011,50,yes
obcane-2011,51,yes
obcane-2011,52,yes
obcane-2011,53,no
obcane-2011,54,yes
obcane-2011,55,no
obcane-2011,56,yes
obcane-2011,57,yes
obcane-2011,58,yes
obcane-2011,59,yes
obcane-2011,60,yes
obcane-2011,61,no
obcane-2011,62,yes
obcane-2011,63,yes
obcane-2011,64,yes
obcane-2011,65,yes
obcane-2011,101,abstain
obcane-2011,102,yes
obcane-2011,103,yes
obcane-2011,104,yes
obcane-2011,105,no
obcane-2011,106,yes
obcane-2011,107,yes
obcane-2011,108,no
obcane-2011,109,yes
obcane-2011,110,yes
obcane-2011,111,yes
obcane-2011,112,no
obcane-2011,113,yes
obcane-2011,114,abstain
obcane-2011,115,no
obcane-2011,116,yes
obcane-2011,117,yes
obcane-2011,118,yes
obcane-2011,119,no
obcane-2011,120,no
klub-angazovanych-nestraniku,1,no
klub-angazovanych-nestraniku,2,yes
klub-angazovanych-nestraniku,4,no
klub-angazovanych-nestraniku,5,no
klub-angazovanych-nestraniku,6,yes
klub-angazovanych-nestraniku,7,abstain
klub-angazovanych-nestraniku,8,abstain
klub-angazovanych-nestraniku,9,abstain
klub-angazovanych-nestraniku,10,yes
klub-angazovanych-nestraniku,11,no
klub-angazovanych-nestraniku,12,yes
klub-angazovanych-nestraniku,13,yes
klub-angazovanych-nestraniku,14,yes
klub-angazovanych-nestraniku,15,yes
klub-angazovanych-nestraniku,16,no
klub-angazovanych-nestraniku,17,yes
klub-angazovanych-nestraniku,18,yes
klub-angazovanych-nestraniku,19,abstain
klub-angazovanych-nestraniku,20,no
klub-angazovanych-nestraniku,21,abstain
klub-angazovanych-nestraniku,22,no
klub-angazovanych-nestraniku,23,no
klub-angazovanych-nestraniku,24,abstain
klub-angazovanych-nestraniku,25,yes
klub-angazovanych-nestraniku,26,abstain
klub-angazovanych-nestraniku,27,no
klub-angazovanych-nestraniku,28,yes
klub-angazovanych-nestraniku,29,no
klub-angazovanych-nestraniku,30,no
klub-angazovanych-nestraniku,31,abstain
klub-angazovanych-nestraniku,32,no
klub-angazovanych-nestraniku,33,yes
klub-angazovanych-nestraniku,34,yes
klub-angazovanych-nestraniku,35,yes
klub-angazovanych-nestraniku,36,yes
klub-angazovanych-nestraniku,37,no
klub-angazovanych-nestraniku,38,yes
klub-angazovanych-nestraniku,39,yes
klub-angazovanych-nestraniku,40,abstain
klub-angazovanych-nestraniku,41,yes
klub-angazovanych-nestraniku,42,yes
klub-angazovanych-nestraniku,43,no
klub-angazovanych-nestraniku,44,yes
klub-angazovanych-nestraniku,45,yes
klub-angazovanych-nestraniku,46,yes
klub-angazovanych-nestraniku,47,abstain
klub-angazovanych-nestraniku,48,no
klub-angazovanych-nestraniku,49,abstain
klub-angazovanych-nestraniku,50,yes
klub-angazovanych-nestraniku,51,abstain
klub-angazovanych-nestraniku,52,yes
klub-angazovanych-nestraniku,53,no
klub-angazovanych-nestraniku,54,yes
klub-angazovanych-nestraniku,55,yes
klub-angazovanych-nestraniku,56,yes
klub-angazovanych-nestraniku,57,abstain
klub-angazovanych-nestraniku,58,no
klub-angazovanych-nestraniku,59,yes
klub-angazovanych-nestraniku,60,yes
klub-angazovanych-nestraniku,61,no
klub-angazovanych-nestraniku,62,abstain
klub-angazovanych-nestraniku,63,yes
klub-angazovanych-nestraniku,64,yes
klub-angazovanych-nestraniku,65,yes
klub-angazovanych-nestraniku,101,no
klub-angazovanych-nestraniku,102,abstain
klub-angazovanych-nestraniku,103,yes
klub-angazovanych-nestraniku,104,yes
klub-angazovanych-nestraniku,105,no
klub-angazovanych-nestraniku,106,abstain
klub-angazovanych-nestraniku,107,yes
klub-angazovanych-nestraniku,108,no
klub-angazovanych-nestraniku,109,yes
klub-angazovanych-nestraniku,110,yes
klub-angazovanych-nestraniku,111,abstain
klub-angazovanych-nestraniku,112,abstain
klub-angazovanych-nestraniku,113,abstain
klub-angazovanych-nestraniku,114,abstain
klub-angazovanych-nestraniku,115,yes
klub-angazovanych-nestraniku,116,no
klub-angazovanych-nestraniku,117,yes
klub-angazovanych-nestraniku,118,yes
klub-angazovanych-nestraniku,119,abstain
klub-angazovanych-nestraniku,120,no
